season_period,ecosystem,province,island_group,yield_mt_ha,area_harvested_ha,n_application_rate,p_application_rate,k_application_rate,grade_ammophos_16_20_0_kg_ha,grade_ammosul_21_0_0_kg_ha,grade_complete_14_14_14_kg_ha,grade_mop_0_0_60_kg_ha,grade_urea_46_0_0_kg_ha,total_fertilizer_kg_ha,fertilizer_diversification_index,rainfall_mm,temp_max_c,temp_min_c,solar_radiation_mj_m2,soil_ph
2021_Semester_2,Irrigated,Abra,Luzon,4.04,9899.0,84.93,13.98,5.82,30.93,6.28,23.35,0.0,100.4,160.96,1.017982974438079,2122.3,29.555434782608696,22.64184782608696,17.195271739130437,6.09
2021_Semester_2,Non-irrigated,Abra,Luzon,3.43,8834.0,84.93,13.98,5.82,30.93,6.28,23.35,0.0,100.4,160.96,1.017982974438079,2122.3,29.555434782608696,22.64184782608696,17.195271739130437,5.45
2021_Semester_2,Irrigated,Albay,Luzon,4.44,21509.0,109.12,18.62,18.37,4.42,0.92,70.19,0.83,101.15,177.51,0.8316715112981883,1678.6,28.27880434782609,23.34130434782608,16.282065217391306,6.38
2021_Semester_2,Non-irrigated,Albay,Luzon,3.51,5392.0,109.12,18.62,18.37,4.42,0.92,70.19,0.83,101.15,177.51,0.8316715112981883,1678.6,28.27880434782609,23.34130434782608,16.282065217391306,5.97
2021_Semester_2,Irrigated,Apayao,Luzon,3.72,7476.0,115.75,29.09,19.49,47.77,0.83,136.09,2.08,185.22,371.99,1.0212778817946864,1858.0,23.83695652173913,17.83478260869565,15.272391304347826,6.36
2021_Semester_2,Non-irrigated,Apayao,Luzon,2.21,6761.0,115.75,29.09,19.49,47.77,0.83,136.09,2.08,185.22,371.99,1.0212778817946864,1858.0,23.83695652173913,17.83478260869565,15.272391304347826,5.56
2021_Semester_2,Irrigated,Aurora,Luzon,4.32,12190.0,79.57,19.09,35.01,11.67,2.5,146.67,17.92,133.5,312.26,1.0437161698496333,1650.3,29.495652173913047,25.21467391304348,16.24353260869565,6.21
2021_Semester_2,Non-irrigated,Aurora,Luzon,3.82,564.0,79.57,19.09,35.01,11.67,2.5,146.67,17.92,133.5,312.26,1.0437161698496333,1650.3,29.495652173913047,25.21467391304348,16.24353260869565,5.7
2021_Semester_2,Irrigated,Bataan,Luzon,3.98,12091.0,105.83,13.91,14.19,15.04,14.53,84.54,7.5,197.83,319.44000000000005,1.0210860050855546,1917.0,28.77173913043478,23.71630434782608,17.003586956521737,5.91
2021_Semester_2,Non-irrigated,Bataan,Luzon,3.24,352.0,105.83,13.91,14.19,15.04,14.53,84.54,7.5,197.83,319.44000000000005,1.0210860050855546,1917.0,28.77173913043478,23.71630434782608,17.003586956521737,6.05
2021_Semester_2,Irrigated,Batangas,Luzon,3.36,4344.0,87.94,9.25,10.59,0.0,21.33,47.0,3.33,81.07,152.73,1.0571984604975375,1499.6,28.48260869565217,23.52445652173913,16.242228260869567,6.08
2021_Semester_2,Non-irrigated,Batangas,Luzon,1.69,3904.0,87.94,9.25,10.59,0.0,21.33,47.0,3.33,81.07,152.73,1.0571984604975375,1499.6,28.48260869565217,23.52445652173913,16.242228260869567,5.57
2021_Semester_2,Irrigated,Benguet,Luzon,3.72,3181.0,64.61,20.23,20.21,5.17,21.27,80.88,1.67,51.77,160.76,1.1360937022740814,3046.8,21.48315217391304,14.264673913043476,16.595489130434782,6.28
2021_Semester_2,Non-irrigated,Benguet,Luzon,2.99,939.0,64.61,20.23,20.21,5.17,21.27,80.88,1.67,51.77,160.76,1.1360937022740814,3046.8,21.48315217391304,14.264673913043476,16.595489130434782,5.68
2021_Semester_2,Irrigated,Bulacan,Luzon,4.4,35599.0,86.76,29.59,23.84,52.15,3.49,186.37,3.49,155.16,400.65999999999997,1.0714274956908398,1708.2,29.42228260869565,23.75869565217392,16.05320652173913,6.14
2021_Semester_2,Non-irrigated,Bulacan,Luzon,4.14,12653.0,86.76,29.59,23.84,52.15,3.49,186.37,3.49,155.16,400.65999999999997,1.0714274956908398,1708.2,29.42228260869565,23.75869565217392,16.05320652173913,5.77
2021_Semester_2,Irrigated,Cagayan,Luzon,4.38,91396.0,78.37,18.59,9.49,45.79,23.57,57.12,0.86,113.93,241.26999999999998,1.2581254028558209,1350.4,30.029347826086955,23.35978260869565,16.37255434782609,5.86
2021_Semester_2,Non-irrigated,Cagayan,Luzon,3.18,16832.0,78.37,18.59,9.49,45.79,23.57,57.12,0.86,113.93,241.26999999999998,1.2581254028558209,1350.4,30.029347826086955,23.35978260869565,16.37255434782609,5.06
2021_Semester_2,Irrigated,Camarines Norte,Luzon,5.11,8092.0,56.06,28.43,22.29,26.17,5.83,120.37,1.67,52.83,206.87,1.0647173897908582,1722.2,28.84728260869565,23.96358695652174,15.80826086956522,6.33
2021_Semester_2,Non-irrigated,Camarines Norte,Luzon,4.54,4454.0,56.06,28.43,22.29,26.17,5.83,120.37,1.67,52.83,206.87,1.0647173897908582,1722.2,28.84728260869565,23.96358695652174,15.80826086956522,5.18
2021_Semester_2,Irrigated,Camarines Sur,Luzon,4.05,68588.0,78.23,17.28,18.17,24.76,1.72,115.34,10.78,161.71,314.31,1.0541522087081399,1321.7,29.28369565217391,24.667391304347827,16.316304347826087,5.84
2021_Semester_2,Non-irrigated,Camarines Sur,Luzon,3.35,23319.0,78.23,17.28,18.17,24.76,1.72,115.34,10.78,161.71,314.31,1.0541522087081399,1321.7,29.28369565217391,24.667391304347827,16.316304347826087,5.9
2021_Semester_2,Irrigated,Catanduanes,Luzon,3.28,1972.0,50.54,9.62,9.72,0.0,2.33,43.2,0.17,59.68,105.38,0.782214275646826,1985.7,27.632608695652173,22.77065217391305,17.19684782608696,6.05
2021_Semester_2,Non-irrigated,Catanduanes,Luzon,2.35,1604.0,50.54,9.62,9.72,0.0,2.33,43.2,0.17,59.68,105.38,0.782214275646826,1985.7,27.632608695652173,22.77065217391305,17.19684782608696,5.62
2021_Semester_2,Irrigated,Cavite,Luzon,3.81,3761.0,81.54,11.84,11.28,6.46,0.0,98.33,1.67,173.12,279.58,0.781951934855611,1544.2,29.26793478260869,23.60760869565217,16.56663043478261,6.14
2021_Semester_2,Non-irrigated,Cavite,Luzon,2.16,343.0,81.54,11.84,11.28,6.46,0.0,98.33,1.67,173.12,279.58,0.781951934855611,1544.2,29.26793478260869,23.60760869565217,16.56663043478261,5.82
2021_Semester_2,Irrigated,Ifugao,Luzon,3.02,5524.0,89.0,13.34,9.24,10.88,7.68,38.42,0.0,95.09,152.07,0.9806576066724786,1445.1,27.27445652173913,21.10652173913044,16.285000000000004,6.34
2021_Semester_2,Non-irrigated,Ifugao,Luzon,3.83,502.0,89.0,13.34,9.24,10.88,7.68,38.42,0.0,95.09,152.07,0.9806576066724786,1445.1,27.27445652173913,21.10652173913044,16.285000000000004,5.42
2021_Semester_2,Irrigated,Ilocos Norte,Luzon,5.26,40352.0,123.35,23.5,21.07,6.83,16.48,62.62,0.0,84.47,170.4,1.0706093475683451,1566.6,31.09347826086957,23.922826086956523,17.354293478260868,6.27
2021_Semester_2,Non-irrigated,Ilocos Norte,Luzon,4.57,10960.0,123.35,23.5,21.07,6.83,16.48,62.62,0.0,84.47,170.4,1.0706093475683451,1566.6,31.09347826086957,23.922826086956523,17.354293478260868,5.15
2021_Semester_2,Irrigated,Ilocos Sur,Luzon,4.93,24621.0,95.3,22.37,18.63,4.69,31.82,71.19,0.0,63.42,171.12,1.1441314384701813,2118.1,28.80326086956521,21.598913043478262,17.074510869565216,5.98
2021_Semester_2,Non-irrigated,Ilocos Sur,Luzon,4.54,18327.0,95.3,22.37,18.63,4.69,31.82,71.19,0.0,63.42,171.12,1.1441314384701813,2118.1,28.80326086956521,21.598913043478262,17.074510869565216,5.91
2021_Semester_2,Irrigated,Isabela,Luzon,4.75,134890.0,77.18,25.36,16.06,67.74,21.25,116.79,4.82,119.51,330.11,1.298723359221975,1311.2,30.225,23.42391304347826,16.59467391304348,5.81
2021_Semester_2,Non-irrigated,Isabela,Luzon,3.06,8781.0,77.18,25.36,16.06,67.74,21.25,116.79,4.82,119.51,330.11,1.298723359221975,1311.2,30.225,23.42391304347826,16.59467391304348,6.1
2021_Semester_2,Irrigated,Kalinga,Luzon,4.44,14641.0,110.42,17.78,13.47,24.98,13.85,137.43,0.83,213.72,390.81,1.0047997613225745,1907.3,25.22119565217392,18.955434782608695,16.19777173913043,5.88
2021_Semester_2,Non-irrigated,Kalinga,Luzon,2.43,1915.0,110.42,17.78,13.47,24.98,13.85,137.43,0.83,213.72,390.81,1.0047997613225745,1907.3,25.22119565217392,18.955434782608695,16.19777173913043,5.09
2021_Semester_2,Irrigated,La Union,Luzon,4.11,16475.0,81.66,17.4,13.42,12.39,31.48,56.92,0.0,67.19,167.98000000000002,1.2393111813967135,2708.6,29.095108695652176,23.260326086956525,16.580271739130435,6.06
2021_Semester_2,Non-irrigated,La Union,Luzon,3.9,14134.0,81.66,17.4,13.42,12.39,31.48,56.92,0.0,67.19,167.98000000000002,1.2393111813967135,2708.6,29.095108695652176,23.260326086956525,16.580271739130435,5.17
2021_Semester_2,Irrigated,Laguna,Luzon,3.79,11419.0,88.45,13.59,12.84,1.67,7.67,88.77,0.0,150.47,248.57999999999998,0.8125295086760178,1318.0,29.66467391304348,25.1733695652174,16.27190217391304,6.29
2021_Semester_2,Non-irrigated,Laguna,Luzon,3.12,738.0,88.45,13.59,12.84,1.67,7.67,88.77,0.0,150.47,248.57999999999998,0.8125295086760178,1318.0,29.66467391304348,25.1733695652174,16.27190217391304,5.26
2021_Semester_2,Irrigated,Marinduque,Luzon,3.59,1573.0,67.9,12.9,11.94,4.17,2.5,32.6,1.67,44.03,84.97,1.037119806946592,1961.3,26.67336956521739,21.59021739130435,17.010978260869564,6.0
2021_Semester_2,Non-irrigated,Marinduque,Luzon,2.82,1381.0,67.9,12.9,11.94,4.17,2.5,32.6,1.67,44.03,84.97,1.037119806946592,1961.3,26.67336956521739,21.59021739130435,17.010978260869564,5.6
2021_Semester_2,Irrigated,Masbate,Luzon,3.26,5082.0,45.88,14.91,12.76,15.42,0.0,64.16,0.0,61.76,141.34,0.9619905853292516,1472.5,28.93260869565217,24.646195652173912,16.83782608695652,6.41
2021_Semester_2,Non-irrigated,Masbate,Luzon,2.85,19264.0,45.88,14.91,12.76,15.42,0.0,64.16,0.0,61.76,141.34,0.9619905853292516,1472.5,28.93260869565217,24.646195652173912,16.83782608695652,5.67
2021_Semester_2,Irrigated,Mountain Province,Luzon,3.28,3449.0,35.2,15.88,15.02,3.83,4.53,39.98,0.0,17.55,65.89,1.004956711038922,1886.3,18.53152173913044,12.698913043478262,15.695054347826089,5.78
2021_Semester_2,Non-irrigated,Mountain Province,Luzon,1.98,921.0,35.2,15.88,15.02,3.83,4.53,39.98,0.0,17.55,65.89,1.004956711038922,1886.3,18.53152173913044,12.698913043478262,15.695054347826089,5.6
2021_Semester_2,Irrigated,Nueva Ecija,Luzon,6.04,153365.0,107.4,33.45,29.03,59.79,7.84,216.98,5.83,174.65,465.09000000000003,1.1109372068271939,1440.9,31.07228260869565,24.061956521739127,16.879402173913043,5.97
2021_Semester_2,Non-irrigated,Nueva Ecija,Luzon,4.31,14412.0,107.4,33.45,29.03,59.79,7.84,216.98,5.83,174.65,465.09000000000003,1.1109372068271939,1440.9,31.07228260869565,24.061956521739127,16.879402173913043,6.1
2021_Semester_2,Irrigated,Nueva Vizcaya,Luzon,4.63,30115.0,92.71,22.53,19.11,22.35,47.17,103.91,0.0,138.57,312.0,1.2011161566645883,1684.7,28.06576086956522,21.77445652173913,16.12711956521739,5.62
2021_Semester_2,Non-irrigated,Nueva Vizcaya,Luzon,3.15,1327.0,92.71,22.53,19.11,22.35,47.17,103.91,0.0,138.57,312.0,1.2011161566645883,1684.7,28.06576086956522,21.77445652173913,16.12711956521739,5.23
2021_Semester_2,Irrigated,Occidental Mindoro,Luzon,4.27,33915.0,88.44,18.85,23.0,26.27,12.03,192.91,23.73,242.97,497.90999999999997,1.1077169908779299,3202.9,28.588043478260875,23.35217391304348,14.916956521739133,6.33
2021_Semester_2,Non-irrigated,Occidental Mindoro,Luzon,3.93,27720.0,88.44,18.85,23.0,26.27,12.03,192.91,23.73,242.97,497.90999999999997,1.1077169908779299,3202.9,28.588043478260875,23.35217391304348,14.916956521739133,5.23
2021_Semester_2,Irrigated,Oriental Mindoro,Luzon,3.94,42738.0,86.16,16.81,22.82,18.82,62.79,136.02,16.18,142.96,376.77,1.319001049574838,3238.8,25.75978260869565,21.150543478260868,15.019728260869568,5.97
2021_Semester_2,Non-irrigated,Oriental Mindoro,Luzon,3.25,9327.0,86.16,16.81,22.82,18.82,62.79,136.02,16.18,142.96,376.77,1.319001049574838,3238.8,25.75978260869565,21.150543478260868,15.019728260869568,5.78
2021_Semester_2,Irrigated,Palawan,Luzon,4.22,35182.0,66.04,22.73,20.56,36.08,0.0,192.02,13.75,124.13,365.98,1.0568258667473887,1396.1,27.02771739130435,23.05434782608696,16.64521739130435,5.82
2021_Semester_2,Non-irrigated,Palawan,Luzon,3.41,27918.0,66.04,22.73,20.56,36.08,0.0,192.02,13.75,124.13,365.98,1.0568258667473887,1396.1,27.02771739130435,23.05434782608696,16.64521739130435,5.72
2021_Semester_2,Irrigated,Pampanga,Luzon,5.03,48264.0,89.1,11.67,13.08,21.83,9.17,75.42,12.92,226.75,346.09000000000003,1.002319261762036,1606.4,30.63804347826087,24.035326086956523,16.708152173913046,5.87
2021_Semester_2,Irrigated,Pangasinan,Luzon,4.79,98171.0,103.01,22.13,20.91,18.75,22.75,120.75,2.81,134.14,299.2,1.1391962734686425,1303.5,31.5820652173913,24.395108695652173,17.95467391304348,6.46
2021_Semester_2,Non-irrigated,Pangasinan,Luzon,4.12,80884.0,103.01,22.13,20.91,18.75,22.75,120.75,2.81,134.14,299.2,1.1391962734686425,1303.5,31.5820652173913,24.395108695652173,17.95467391304348,5.49
2021_Semester_2,Irrigated,Quezon,Luzon,3.74,16055.0,62.29,14.46,14.13,6.14,0.88,69.49,1.75,83.03,161.29,0.9065284582490727,1687.5,28.720108695652176,25.9608695652174,17.097717391304347,6.25
2021_Semester_2,Non-irrigated,Quezon,Luzon,3.23,9337.0,62.29,14.46,14.13,6.14,0.88,69.49,1.75,83.03,161.29,0.9065284582490727,1687.5,28.720108695652176,25.9608695652174,17.097717391304347,5.42
2021_Semester_2,Irrigated,Quirino,Luzon,4.51,11880.0,75.98,19.81,11.6,43.59,16.03,55.09,0.0,91.48,206.19,1.2402966052689999,1446.6,26.80923913043478,21.138043478260872,14.819782608695652,6.36
2021_Semester_2,Non-irrigated,Quirino,Luzon,2.25,1839.0,75.98,19.81,11.6,43.59,16.03,55.09,0.0,91.48,206.19,1.2402966052689999,1446.6,26.80923913043478,21.138043478260872,14.819782608695652,5.6
2021_Semester_2,Irrigated,Rizal,Luzon,3.95,2186.0,59.59,8.26,8.26,3.75,0.83,71.05,0.0,112.17,187.8,0.7776592437649869,1630.8,29.27608695652173,23.54891304347826,16.255489130434785,6.25
2021_Semester_2,Non-irrigated,Rizal,Luzon,2.42,595.0,59.59,8.26,8.26,3.75,0.83,71.05,0.0,112.17,187.8,0.7776592437649869,1630.8,29.27608695652173,23.54891304347826,16.255489130434785,5.52
2021_Semester_2,Irrigated,Romblon,Luzon,3.93,2657.0,62.64,16.66,17.45,12.5,0.0,64.37,7.5,63.08,147.45,1.0857865813593797,1476.0,28.738586956521736,26.82608695652174,17.861250000000002,5.67
2021_Semester_2,Non-irrigated,Romblon,Luzon,3.37,2548.0,62.64,16.66,17.45,12.5,0.0,64.37,7.5,63.08,147.45,1.0857865813593797,1476.0,28.738586956521736,26.82608695652174,17.861250000000002,5.4
2021_Semester_2,Irrigated,Sorsogon,Luzon,4.54,12700.0,82.75,25.64,19.43,19.02,0.0,94.01,0.0,76.9,189.93,0.9446122787266406,1223.7,29.103804347826088,25.18152173913043,17.007717391304347,6.3
2021_Semester_2,Non-irrigated,Sorsogon,Luzon,4.2,4558.0,82.75,25.64,19.43,19.02,0.0,94.01,0.0,76.9,189.93,0.9446122787266406,1223.7,29.103804347826088,25.18152173913043,17.007717391304347,5.03
2021_Semester_2,Irrigated,Tarlac,Luzon,4.23,78204.0,104.15,18.35,16.54,22.73,70.46,99.98,6.84,166.72,366.73,1.2762594930890403,1535.3,30.5195652173913,23.37119565217391,16.97907608695652,6.44
2021_Semester_2,Non-irrigated,Tarlac,Luzon,3.81,5019.0,104.15,18.35,16.54,22.73,70.46,99.98,6.84,166.72,366.73,1.2762594930890403,1535.3,30.5195652173913,23.37119565217391,16.97907608695652,5.82
2021_Semester_2,Irrigated,Zambales,Luzon,4.57,14989.0,85.45,8.08,8.01,5.93,78.0,49.58,1.69,97.25,232.45,1.189925062544005,2529.8,29.54673913043478,23.58967391304348,16.237228260869564,6.19
2021_Semester_2,Non-irrigated,Zambales,Luzon,4.3,8624.0,85.45,8.08,8.01,5.93,78.0,49.58,1.69,97.25,232.45,1.189925062544005,2529.8,29.54673913043478,23.58967391304348,16.237228260869564,5.9
2021_Semester_2,Irrigated,Agusan del Norte,Mindanao,3.26,9617.0,59.38,8.12,18.57,1.67,97.12,62.25,19.5,71.85,252.39000000000001,1.3014547772447937,1514.6,29.930434782608696,24.375543478260877,17.02896739130435,5.72
2021_Semester_2,Non-irrigated,Agusan del Norte,Mindanao,2.2,1487.0,59.38,8.12,18.57,1.67,97.12,62.25,19.5,71.85,252.39000000000001,1.3014547772447937,1514.6,29.930434782608696,24.375543478260877,17.02896739130435,5.36
2021_Semester_2,Irrigated,Agusan del Sur,Mindanao,3.34,17855.0,46.99,7.08,15.11,11.86,108.37,63.14,23.73,77.37,284.47,1.395555054567907,2028.0,30.634239130434786,23.6,17.64771739130435,6.45
2021_Semester_2,Non-irrigated,Agusan del Sur,Mindanao,2.54,17187.0,46.99,7.08,15.11,11.86,108.37,63.14,23.73,77.37,284.47,1.395555054567907,2028.0,30.634239130434786,23.6,17.64771739130435,5.46
2021_Semester_2,Irrigated,Bukidnon,Mindanao,5.52,45768.0,89.79,21.46,26.94,47.94,86.48,131.38,25.65,150.99,442.44,1.4524117564218302,2238.7,25.52065217391305,19.49402173913043,17.429347826086957,5.87
2021_Semester_2,Non-irrigated,Bukidnon,Mindanao,4.17,9521.0,89.79,21.46,26.94,47.94,86.48,131.38,25.65,150.99,442.44,1.4524117564218302,2238.7,25.52065217391305,19.49402173913043,17.429347826086957,6.07
2021_Semester_2,Irrigated,Camiguin,Mindanao,3.85,288.0,93.88,23.24,28.12,0.0,23.17,55.42,2.0,47.25,127.84,1.1048121427109743,1503.2,21.261413043478264,17.240760869565214,19.42679347826087,5.9
2021_Semester_2,Irrigated,Davao Occidental,Mindanao,4.61,161.0,44.72,9.91,22.0,1.28,38.05,63.95,20.19,45.96,169.43,1.3474792878179382,1100.3,24.32880434782609,18.000543478260873,17.56086956521739,6.11
2021_Semester_2,Non-irrigated,Davao Occidental,Mindanao,1.22,313.0,44.72,9.91,22.0,1.28,38.05,63.95,20.19,45.96,169.43,1.3474792878179382,1100.3,24.32880434782609,18.000543478260873,17.56086956521739,5.53
2021_Semester_2,Irrigated,Davao Oriental,Mindanao,5.0,6191.0,99.45,17.02,23.17,2.08,60.88,82.58,9.17,98.2,252.90999999999997,1.2353526168239024,1247.4,22.86141304347826,16.131521739130434,17.226847826086956,6.29
2021_Semester_2,Non-irrigated,Davao Oriental,Mindanao,3.48,1305.0,99.45,17.02,23.17,2.08,60.88,82.58,9.17,98.2,252.90999999999997,1.2353526168239024,1247.4,22.86141304347826,16.131521739130434,17.226847826086956,5.42
2021_Semester_2,Irrigated,Davao de Oro,Mindanao,4.71,14238.0,55.71,9.36,21.55,7.92,53.72,60.03,20.83,88.5,231.0,1.3895784972102827,1534.3,30.183695652173917,22.792391304347824,17.278532608695652,6.14
2021_Semester_2,Non-irrigated,Davao de Oro,Mindanao,3.6,3036.0,55.71,9.36,21.55,7.92,53.72,60.03,20.83,88.5,231.0,1.3895784972102827,1534.3,30.183695652173917,22.792391304347824,17.278532608695652,5.16
2021_Semester_2,Irrigated,Davao del Norte,Mindanao,4.72,14396.0,81.12,15.24,26.11,14.17,71.82,100.02,20.35,93.73,300.09,1.3985221482639978,1621.8,30.897826086956524,23.529347826086955,18.23157608695652,5.67
2021_Semester_2,Non-irrigated,Davao del Norte,Mindanao,3.7,1894.0,81.12,15.24,26.11,14.17,71.82,100.02,20.35,93.73,300.09,1.3985221482639978,1621.8,30.897826086956524,23.529347826086955,18.23157608695652,5.81
2021_Semester_2,Irrigated,Davao del Sur,Mindanao,5.0,13984.0,110.17,22.93,22.55,20.75,41.74,125.83,2.83,151.27,342.42,1.1948544685445346,916.3,30.725,23.717934782608697,19.010054347826088,5.7
2021_Semester_2,Non-irrigated,Davao del Sur,Mindanao,2.49,824.0,110.17,22.93,22.55,20.75,41.74,125.83,2.83,151.27,342.42,1.1948544685445346,916.3,30.725,23.717934782608697,19.010054347826088,5.35
2021_Semester_2,Irrigated,Dinagat Islands,Mindanao,2.2,719.0,80.03,33.79,34.78,0.0,1.61,124.68,0.81,41.95,169.05,0.6403046151027139,2106.3,28.685869565217395,24.59347826086957,17.05929347826087,6.38
2021_Semester_2,Non-irrigated,Dinagat Islands,Mindanao,2.09,534.0,80.03,33.79,34.78,0.0,1.61,124.68,0.81,41.95,169.05,0.6403046151027139,2106.3,28.685869565217395,24.59347826086957,17.05929347826087,5.71
2021_Semester_2,Irrigated,Lanao del Norte,Mindanao,4.78,19290.0,81.49,18.64,19.4,34.59,93.44,63.93,1.64,85.75,279.35,1.35514879002689,2815.1,27.757608695652173,22.082065217391307,17.09554347826087,6.0
2021_Semester_2,Non-irrigated,Lanao del Norte,Mindanao,3.76,4579.0,81.49,18.64,19.4,34.59,93.44,63.93,1.64,85.75,279.35,1.35514879002689,2815.1,27.757608695652173,22.082065217391307,17.09554347826087,5.64
2021_Semester_2,Irrigated,Lanao del Sur,Mindanao,3.7,10526.0,96.06,15.23,13.36,24.08,46.67,40.25,6.56,94.87,212.43,1.3623357020678175,2297.6,25.233695652173918,19.746739130434783,16.998695652173915,6.32
2021_Semester_2,Non-irrigated,Lanao del Sur,Mindanao,2.81,38004.0,96.06,15.23,13.36,24.08,46.67,40.25,6.56,94.87,212.43,1.3623357020678175,2297.6,25.233695652173918,19.746739130434783,16.998695652173915,6.07
2021_Semester_2,Irrigated,Misamis Occidental,Mindanao,4.48,9533.0,81.98,10.21,12.67,9.92,100.69,42.83,12.5,58.12,224.06,1.3248115640406861,2452.0,23.064130434782605,18.22119565217391,16.396684782608695,5.71
2021_Semester_2,Non-irrigated,Misamis Occidental,Mindanao,3.31,550.0,81.98,10.21,12.67,9.92,100.69,42.83,12.5,58.12,224.06,1.3248115640406861,2452.0,23.064130434782605,18.22119565217391,16.396684782608695,5.02
2021_Semester_2,Irrigated,Misamis Oriental,Mindanao,3.84,2679.0,93.65,19.47,22.88,12.08,58.38,55.52,5.45,51.88,183.31,1.3671483767807715,1869.7,26.12826086956522,22.05054347826087,18.247771739130435,6.14
2021_Semester_2,Non-irrigated,Misamis Oriental,Mindanao,2.68,266.0,93.65,19.47,22.88,12.08,58.38,55.52,5.45,51.88,183.31,1.3671483767807715,1869.7,26.12826086956522,22.05054347826087,18.247771739130435,5.33
2021_Semester_2,Irrigated,North Cotabato,Mindanao,4.29,54957.0,78.13,16.98,16.4,27.3,59.97,72.62,8.72,99.13,267.74,1.4012192846120637,2413.2,29.65,23.03804347826087,18.003695652173914,6.08
2021_Semester_2,Non-irrigated,North Cotabato,Mindanao,2.75,22668.0,78.13,16.98,16.4,27.3,59.97,72.62,8.72,99.13,267.74,1.4012192846120637,2413.2,29.65,23.03804347826087,18.003695652173914,5.15
2021_Semester_2,Irrigated,Sarangani,Mindanao,3.5,6350.0,91.21,15.77,21.16,11.88,57.92,82.46,14.17,109.17,275.59999999999997,1.343795911057293,938.3,30.34619565217392,24.68152173913043,18.59684782608696,5.82
2021_Semester_2,Non-irrigated,Sarangani,Mindanao,2.97,1910.0,91.21,15.77,21.16,11.88,57.92,82.46,14.17,109.17,275.59999999999997,1.343795911057293,938.3,30.34619565217392,24.68152173913043,18.59684782608696,5.21
2021_Semester_2,Irrigated,South Cotabato,Mindanao,4.2,37512.0,72.95,14.84,16.39,12.5,25.42,88.21,6.25,124.79,257.17,1.1839709154909643,1689.1,27.78097826086957,21.721739130434777,17.691467391304347,5.63
2021_Semester_2,Non-irrigated,South Cotabato,Mindanao,3.0,10330.0,72.95,14.84,16.39,12.5,25.42,88.21,6.25,124.79,257.17,1.1839709154909643,1689.1,27.78097826086957,21.721739130434777,17.691467391304347,5.96
2021_Semester_2,Irrigated,Sultan Kudarat,Mindanao,4.09,56448.0,80.19,7.15,9.13,8.33,53.83,49.58,2.5,138.46,252.7,1.136735467293526,1437.5,27.08967391304348,20.448369565217394,17.99461956521739,6.44
2021_Semester_2,Non-irrigated,Sultan Kudarat,Mindanao,2.79,15847.0,80.19,7.15,9.13,8.33,53.83,49.58,2.5,138.46,252.7,1.136735467293526,1437.5,27.08967391304348,20.448369565217394,17.99461956521739,5.63
2021_Semester_2,Irrigated,Surigao del Norte,Mindanao,3.38,4825.0,69.41,17.37,17.47,0.0,18.5,86.33,0.0,72.87,177.7,0.9517957320145102,1692.4,29.74021739130435,25.014130434782604,17.035978260869566,5.62
2021_Semester_2,Non-irrigated,Surigao del Norte,Mindanao,3.15,1089.0,69.41,17.37,17.47,0.0,18.5,86.33,0.0,72.87,177.7,0.9517957320145102,1692.4,29.74021739130435,25.014130434782604,17.035978260869566,5.28
2021_Semester_2,Irrigated,Surigao del Sur,Mindanao,3.19,6186.0,49.02,13.66,18.2,6.17,52.63,83.8,10.15,52.96,205.71,1.3175858838177528,2043.0,27.811956521739127,22.320652173913043,17.63494565217391,6.36
2021_Semester_2,Non-irrigated,Surigao del Sur,Mindanao,2.99,1718.0,49.02,13.66,18.2,6.17,52.63,83.8,10.15,52.96,205.71,1.3175858838177528,2043.0,27.811956521739127,22.320652173913043,17.63494565217391,5.14
2021_Semester_2,Irrigated,Zamboanga Sibugay,Mindanao,4.36,11718.0,66.4,16.63,23.18,22.75,28.28,128.62,10.2,109.77,299.62,1.2644936688177406,1812.5,29.65271739130435,24.78695652173913,16.887826086956522,6.11
2021_Semester_2,Non-irrigated,Zamboanga Sibugay,Mindanao,3.71,16956.0,66.4,16.63,23.18,22.75,28.28,128.62,10.2,109.77,299.62,1.2644936688177406,1812.5,29.65271739130435,24.78695652173913,16.887826086956522,5.52
2021_Semester_2,Irrigated,Zamboanga del Norte,Mindanao,4.39,10160.0,73.49,16.8,12.77,37.61,18.76,64.31,6.14,83.83,210.65,1.3549551206667187,1744.2,28.478804347826088,23.32228260869565,16.941847826086956,5.71
2021_Semester_2,Non-irrigated,Zamboanga del Norte,Mindanao,2.8,11152.0,73.49,16.8,12.77,37.61,18.76,64.31,6.14,83.83,210.65,1.3549551206667187,1744.2,28.478804347826088,23.32228260869565,16.941847826086956,5.2
2021_Semester_2,Irrigated,Zamboanga del Sur,Mindanao,4.87,26460.0,72.68,13.4,19.39,42.58,83.2,63.33,6.67,77.67,273.45,1.4384703303289341,2076.6,29.13369565217391,23.88695652173913,17.199891304347826,6.26
2021_Semester_2,Non-irrigated,Zamboanga del Sur,Mindanao,3.74,17097.0,72.68,13.4,19.39,42.58,83.2,63.33,6.67,77.67,273.45,1.4384703303289341,2076.6,29.13369565217391,23.88695652173913,17.199891304347826,5.28
2021_Semester_2,Irrigated,Aklan,Visayas,3.64,9850.0,78.56,19.22,16.14,12.5,1.67,58.02,0.83,67.38,140.39999999999998,1.015909016129759,2058.6,28.279347826086955,23.088043478260868,16.125978260869566,5.63
2021_Semester_2,Non-irrigated,Aklan,Visayas,3.19,9766.0,78.56,19.22,16.14,12.5,1.67,58.02,0.83,67.38,140.39999999999998,1.015909016129759,2058.6,28.279347826086955,23.088043478260868,16.125978260869566,5.12
2021_Semester_2,Irrigated,Antique,Visayas,4.26,26455.0,102.88,20.33,11.05,30.62,22.92,55.0,0.83,105.62,214.99,1.2356155433476181,2840.1,29.2695652173913,24.724456521739132,16.383315217391303,6.2
2021_Semester_2,Non-irrigated,Antique,Visayas,3.2,32316.0,102.88,20.33,11.05,30.62,22.92,55.0,0.83,105.62,214.99,1.2356155433476181,2840.1,29.2695652173913,24.724456521739132,16.383315217391303,5.22
2021_Semester_2,Irrigated,Biliran,Visayas,4.32,6394.0,73.54,19.36,5.68,40.99,0.0,35.28,0.0,88.62,164.89000000000001,1.0096579630010152,1452.0,26.307065217391305,22.105434782608697,17.356304347826086,5.74
2021_Semester_2,Irrigated,Bohol,Visayas,3.52,17550.0,49.04,19.99,18.87,3.63,1.22,58.56,0.0,30.52,93.93,0.8419879695656612,1773.3,27.42934782608696,22.383152173913043,16.01782608695652,5.98
2021_Semester_2,Non-irrigated,Bohol,Visayas,2.77,14135.0,49.04,19.99,18.87,3.63,1.22,58.56,0.0,30.52,93.93,0.8419879695656612,1773.3,27.42934782608696,22.383152173913043,16.01782608695652,5.79
2021_Semester_2,Irrigated,Capiz,Visayas,3.92,16424.0,89.95,25.28,15.74,31.04,8.33,88.33,0.0,114.43,242.13,1.1013476154752726,2142.7,29.5375,23.72934782608696,16.15342391304348,6.42
2021_Semester_2,Non-irrigated,Capiz,Visayas,3.17,41715.0,89.95,25.28,15.74,31.04,8.33,88.33,0.0,114.43,242.13,1.1013476154752726,2142.7,29.5375,23.72934782608696,16.15342391304348,5.15
2021_Semester_2,Irrigated,Cebu,Visayas,3.1,1749.0,82.14,24.13,32.62,7.19,1.09,95.03,10.31,82.62,196.24,1.0201537301697072,1844.9,27.402717391304343,22.57119565217391,17.08858695652174,5.8
2021_Semester_2,Non-irrigated,Cebu,Visayas,2.77,201.0,82.14,24.13,32.62,7.19,1.09,95.03,10.31,82.62,196.24,1.0201537301697072,1844.9,27.402717391304343,22.57119565217391,17.08858695652174,5.52
2021_Semester_2,Irrigated,Eastern Samar,Visayas,4.02,3118.0,32.53,11.25,11.26,0.0,0.0,71.92,0.0,40.7,112.62,0.6542150656690834,2143.8,28.52445652173913,23.884782608695648,16.067934782608695,5.62
2021_Semester_2,Non-irrigated,Eastern Samar,Visayas,2.73,5167.0,32.53,11.25,11.26,0.0,0.0,71.92,0.0,40.7,112.62,0.6542150656690834,2143.8,28.52445652173913,23.884782608695648,16.067934782608695,5.51
2021_Semester_2,Irrigated,Guimaras,Visayas,4.05,2699.0,69.15,27.7,24.79,32.17,13.33,178.33,5.0,117.57,346.4,1.1158007740352929,1453.9,28.12826086956522,23.51630434782609,17.996467391304346,5.96
2021_Semester_2,Non-irrigated,Guimaras,Visayas,3.16,11166.0,69.15,27.7,24.79,32.17,13.33,178.33,5.0,117.57,346.4,1.1158007740352929,1453.9,28.12826086956522,23.51630434782609,17.996467391304346,5.1
2021_Semester_2,Irrigated,Iloilo,Visayas,3.59,67437.0,110.51,28.41,18.85,46.29,33.85,96.89,2.16,110.15,289.34000000000003,1.3147939548412,1670.0,29.65869565217391,23.97445652173913,16.614619565217392,6.42
2021_Semester_2,Non-irrigated,Iloilo,Visayas,3.39,116159.0,110.51,28.41,18.85,46.29,33.85,96.89,2.16,110.15,289.34000000000003,1.3147939548412,1670.0,29.65869565217391,23.97445652173913,16.614619565217392,5.39
2021_Semester_2,Irrigated,Leyte,Visayas,4.29,40779.0,74.74,18.05,14.97,8.9,1.23,87.24,1.74,100.95,200.06,0.9180973403331039,1843.1,25.482065217391305,21.04728260869565,15.6,5.88
2021_Semester_2,Non-irrigated,Leyte,Visayas,3.24,12498.0,74.74,18.05,14.97,8.9,1.23,87.24,1.74,100.95,200.06,0.9180973403331039,1843.1,25.482065217391305,21.04728260869565,15.6,6.05
2021_Semester_2,Irrigated,Negros Occidental,Visayas,4.17,60620.0,71.12,17.37,11.79,27.22,24.74,59.69,2.22,72.56,186.43,1.333619965661614,2130.2,30.310326086956525,24.192934782608692,16.77173913043478,6.01
2021_Semester_2,Non-irrigated,Negros Occidental,Visayas,3.42,36330.0,71.12,17.37,11.79,27.22,24.74,59.69,2.22,72.56,186.43,1.333619965661614,2130.2,30.310326086956525,24.192934782608692,16.77173913043478,5.56
2021_Semester_2,Irrigated,Negros Oriental,Visayas,2.86,10864.0,76.65,15.7,10.85,28.91,5.17,53.37,2.59,97.89,187.93,1.1430806522642472,1993.7,27.20923913043478,22.225,17.381467391304348,6.36
2021_Semester_2,Non-irrigated,Negros Oriental,Visayas,2.22,3984.0,76.65,15.7,10.85,28.91,5.17,53.37,2.59,97.89,187.93,1.1430806522642472,1993.7,27.20923913043478,22.225,17.381467391304348,5.11
2021_Semester_2,Irrigated,Northern Samar,Visayas,3.45,821.0,18.15,5.93,6.01,0.0,1.1,45.5,0.07,28.42,75.09,0.7396623525284883,1672.0,29.206521739130437,23.75380434782609,15.943858695652176,5.66
2021_Semester_2,Non-irrigated,Northern Samar,Visayas,2.95,8865.0,18.15,5.93,6.01,0.0,1.1,45.5,0.07,28.42,75.09,0.7396623525284883,1672.0,29.206521739130437,23.75380434782609,15.943858695652176,5.71
2021_Semester_2,Irrigated,Siquijor,Visayas,3.56,232.0,61.15,21.15,23.14,4.5,1.37,65.78,2.0,40.9,114.55000000000001,0.9370218065936048,1688.9,26.31576086956522,22.45543478260869,19.050217391304347,5.78
2021_Semester_2,Non-irrigated,Siquijor,Visayas,2.78,51.0,61.15,21.15,23.14,4.5,1.37,65.78,2.0,40.9,114.55000000000001,0.9370218065936048,1688.9,26.31576086956522,22.45543478260869,19.050217391304347,6.08
2021_Semester_2,Irrigated,Southern Leyte,Visayas,3.98,7587.0,90.77,25.52,25.01,2.5,3.33,70.24,0.0,51.75,127.82,0.8670617214038978,1550.7,29.259239130434786,25.452717391304358,17.545597826086958,5.74
2021_Semester_2,Non-irrigated,Southern Leyte,Visayas,3.12,566.0,90.77,25.52,25.01,2.5,3.33,70.24,0.0,51.75,127.82,0.8670617214038978,1550.7,29.259239130434786,25.452717391304358,17.545597826086958,5.13
2021_Semester_2,Irrigated,Western Samar,Visayas,3.58,2693.0,44.55,15.38,15.47,0.0,0.0,76.2,0.0,36.89,113.09,0.6314550828451523,1562.3,28.24402173913043,22.643478260869564,16.88282608695652,5.77
2021_Semester_2,Non-irrigated,Western Samar,Visayas,3.04,22963.0,44.55,15.38,15.47,0.0,0.0,76.2,0.0,36.89,113.09,0.6314550828451523,1562.3,28.24402173913043,22.643478260869564,16.88282608695652,5.32
2022_Semester_1,Irrigated,Abra,Luzon,4.3,4650.0,88.85,14.06,7.34,30.87,6.32,27.23,1.67,112.53,178.62,1.0431336508116882,976.0,30.606077348066297,21.836464088397797,20.190165745856355,6.09
2022_Semester_1,Irrigated,Albay,Luzon,4.47,22269.0,78.52,13.78,14.08,1.25,1.25,53.39,0.0,80.47,136.36,0.764402020434825,836.3,28.02651933701657,22.772928176795578,19.07790055248619,6.38
2022_Semester_1,Non-irrigated,Albay,Luzon,3.08,4870.0,78.52,13.78,14.08,1.25,1.25,53.39,0.0,80.47,136.36,0.764402020434825,836.3,28.02651933701657,22.772928176795578,19.07790055248619,5.97
2022_Semester_1,Irrigated,Apayao,Luzon,3.45,9661.0,81.9,16.46,12.73,25.0,0.0,87.97,0.42,135.64,249.02999999999997,0.94004513895446,1371.6,23.74475138121547,16.474033149171273,17.376298342541435,6.36
2022_Semester_1,Non-irrigated,Apayao,Luzon,3.72,1137.0,81.9,16.46,12.73,25.0,0.0,87.97,0.42,135.64,249.02999999999997,0.94004513895446,1371.6,23.74475138121547,16.474033149171273,17.376298342541435,5.56
2022_Semester_1,Irrigated,Aurora,Luzon,4.59,12644.0,64.86,16.04,28.24,15.0,10.83,106.42,18.33,91.75,242.32999999999998,1.2355104299755073,1144.7,28.523204419889503,24.081767955801105,18.7514364640884,6.21
2022_Semester_1,Non-irrigated,Aurora,Luzon,4.09,696.0,64.86,16.04,28.24,15.0,10.83,106.42,18.33,91.75,242.32999999999998,1.2355104299755073,1144.7,28.523204419889503,24.081767955801105,18.7514364640884,5.7
2022_Semester_1,Irrigated,Bataan,Luzon,4.6,15650.0,94.68,13.57,15.84,15.34,32.1,81.78,8.47,162.53,300.22,1.1781292210997747,788.8,31.10939226519337,23.27513812154696,20.965690607734807,5.91
2022_Semester_1,Irrigated,Batangas,Luzon,3.39,3323.0,95.4,9.69,10.7,1.67,18.83,47.33,3.33,103.33,174.49,1.0244808883965848,733.5,30.72541436464088,23.02872928176796,19.45342541436464,6.08
2022_Semester_1,Non-irrigated,Batangas,Luzon,2.3,798.0,95.4,9.69,10.7,1.67,18.83,47.33,3.33,103.33,174.49,1.0244808883965848,733.5,30.72541436464088,23.02872928176796,19.45342541436464,5.57
2022_Semester_1,Irrigated,Benguet,Luzon,3.5,2722.0,67.36,20.24,20.22,5.17,18.78,64.32,1.67,54.1,144.04,1.164535651668223,922.4,21.81657458563536,13.28342541436464,20.08187845303868,6.28
2022_Semester_1,Irrigated,Bulacan,Luzon,4.64,40808.0,71.75,26.33,21.17,38.28,5.47,150.23,3.2,108.12,305.29999999999995,1.096745357434404,901.5,31.100552486187848,23.264088397790054,19.8492817679558,6.14
2022_Semester_1,Non-irrigated,Bulacan,Luzon,4.44,585.0,71.75,26.33,21.17,38.28,5.47,150.23,3.2,108.12,305.29999999999995,1.096745357434404,901.5,31.100552486187848,23.264088397790054,19.8492817679558,5.77
2022_Semester_1,Irrigated,Cagayan,Luzon,5.19,101204.0,82.73,21.41,7.8,71.55,18.28,44.44,0.43,115.69,250.39,1.2235390161232487,1153.8,29.720441988950277,22.20497237569061,18.495966850828733,5.86
2022_Semester_1,Non-irrigated,Cagayan,Luzon,3.67,22736.0,82.73,21.41,7.8,71.55,18.28,44.44,0.43,115.69,250.39,1.2235390161232487,1153.8,29.720441988950277,22.20497237569061,18.495966850828733,5.06
2022_Semester_1,Irrigated,Camarines Norte,Luzon,4.76,7235.0,68.06,22.6,17.46,17.83,5.0,99.43,0.83,81.17,204.26,1.043226135526396,1098.3,28.632596685082877,23.1524861878453,18.706132596685084,6.33
2022_Semester_1,Non-irrigated,Camarines Norte,Luzon,4.29,4092.0,68.06,22.6,17.46,17.83,5.0,99.43,0.83,81.17,204.26,1.043226135526396,1098.3,28.632596685082877,23.1524861878453,18.706132596685084,5.18
2022_Semester_1,Irrigated,Camarines Sur,Luzon,4.03,58711.0,63.29,16.31,16.56,19.89,0.0,106.73,0.65,124.4,251.67000000000002,0.9280454240274748,642.3,29.6707182320442,23.948618784530385,19.085248618784533,5.84
2022_Semester_1,Non-irrigated,Camarines Sur,Luzon,3.34,21647.0,63.29,16.31,16.56,19.89,0.0,106.73,0.65,124.4,251.67000000000002,0.9280454240274748,642.3,29.6707182320442,23.948618784530385,19.085248618784533,5.9
2022_Semester_1,Irrigated,Catanduanes,Luzon,3.38,2030.0,47.45,9.46,9.47,0.0,2.33,42.83,0.0,53.47,98.63,0.7826256325672644,1290.8,27.173480662983422,21.961325966850826,19.43243093922652,6.05
2022_Semester_1,Non-irrigated,Catanduanes,Luzon,2.95,2380.0,47.45,9.46,9.47,0.0,2.33,42.83,0.0,53.47,98.63,0.7826256325672644,1290.8,27.173480662983422,21.961325966850826,19.43243093922652,5.62
2022_Semester_1,Irrigated,Cavite,Luzon,4.1,2917.0,67.38,12.75,11.43,14.66,0.0,104.33,0.0,152.43,271.42,0.8491746222480404,819.2,31.320994475138125,23.24696132596685,20.01922651933701,6.14
2022_Semester_1,Irrigated,Ifugao,Luzon,2.92,4789.0,79.43,18.47,13.4,15.13,14.4,61.28,0.0,73.17,163.98000000000002,1.1614010457661075,1098.9,26.90939226519337,20.30276243093923,18.664088397790053,6.34
2022_Semester_1,Non-irrigated,Ifugao,Luzon,3.0,79.0,79.43,18.47,13.4,15.13,14.4,61.28,0.0,73.17,163.98000000000002,1.1614010457661075,1098.9,26.90939226519337,20.30276243093923,18.664088397790053,5.42
2022_Semester_1,Irrigated,Ilocos Norte,Luzon,5.26,14044.0,82.66,17.45,14.78,4.25,7.44,41.76,0.0,50.09,103.54,1.0377790625661645,787.7,32.67955801104972,23.481215469613257,20.44414364640884,6.27
2022_Semester_1,Non-irrigated,Ilocos Norte,Luzon,4.43,248.0,82.66,17.45,14.78,4.25,7.44,41.76,0.0,50.09,103.54,1.0377790625661645,787.7,32.67955801104972,23.481215469613257,20.44414364640884,5.15
2022_Semester_1,Irrigated,Ilocos Sur,Luzon,5.02,6380.0,113.15,31.41,22.37,15.5,35.58,64.41,0.0,58.54,174.03,1.2743061700473113,1051.3,29.353038674033147,20.883977900552487,20.185911602209945,5.98
2022_Semester_1,Non-irrigated,Ilocos Sur,Luzon,3.67,106.0,113.15,31.41,22.37,15.5,35.58,64.41,0.0,58.54,174.03,1.2743061700473113,1051.3,29.353038674033147,20.883977900552487,20.185911602209945,5.91
2022_Semester_1,Irrigated,Isabela,Luzon,5.24,136267.0,81.4,27.78,16.07,77.34,19.72,120.7,2.59,127.51,347.86,1.2686376969411446,1204.3,30.18839779005525,22.25193370165746,19.29779005524862,5.81
2022_Semester_1,Non-irrigated,Isabela,Luzon,3.32,8959.0,81.4,27.78,16.07,77.34,19.72,120.7,2.59,127.51,347.86,1.2686376969411446,1204.3,30.18839779005525,22.25193370165746,19.29779005524862,6.1
2022_Semester_1,Irrigated,Kalinga,Luzon,4.57,11837.0,91.6,16.68,11.34,33.8,8.05,102.13,0.83,172.68,317.49,1.0432715231558018,1649.3,24.76906077348066,17.884530386740334,18.15850828729282,5.88
2022_Semester_1,Irrigated,La Union,Luzon,4.64,7923.0,105.5,11.84,10.92,6.08,38.56,30.2,1.25,64.12,140.21,1.2216713011934164,993.8,30.04585635359116,22.585635359116026,19.958011049723755,6.06
2022_Semester_1,Irrigated,Laguna,Luzon,4.88,16591.0,78.1,11.53,11.14,2.5,13.33,58.88,0.0,110.65,185.36,0.9196388356688338,831.4,30.588950276243096,24.781767955801104,19.63558011049724,6.29
2022_Semester_1,Non-irrigated,Laguna,Luzon,3.81,525.0,78.1,11.53,11.14,2.5,13.33,58.88,0.0,110.65,185.36,0.9196388356688338,831.4,30.588950276243096,24.781767955801104,19.63558011049724,5.26
2022_Semester_1,Irrigated,Marinduque,Luzon,3.74,1395.0,68.43,12.61,11.65,4.17,2.5,30.93,1.67,44.5,83.77000000000001,1.0361193029484315,1169.5,26.804972375690607,20.800552486187843,20.13265193370166,6.0
2022_Semester_1,Non-irrigated,Marinduque,Luzon,2.72,1220.0,68.43,12.61,11.65,4.17,2.5,30.93,1.67,44.5,83.77000000000001,1.0361193029484315,1169.5,26.804972375690607,20.800552486187843,20.13265193370166,5.6
2022_Semester_1,Irrigated,Masbate,Luzon,3.29,6241.0,53.95,18.64,14.67,24.08,0.0,68.16,0.0,65.72,157.95999999999998,1.0142650630586316,997.7,28.88674033149172,24.039226519337017,19.092762430939228,6.41
2022_Semester_1,Non-irrigated,Masbate,Luzon,2.74,22337.0,53.95,18.64,14.67,24.08,0.0,68.16,0.0,65.72,157.95999999999998,1.0142650630586316,997.7,28.88674033149172,24.039226519337017,19.092762430939228,5.67
2022_Semester_1,Irrigated,Mountain Province,Luzon,3.2,795.0,29.85,13.03,12.11,2.33,0.7,29.1,0.0,14.87,47.0,0.8725103053381009,1181.8,18.755801104972377,11.756906077348065,18.091878453038674,5.78
2022_Semester_1,Irrigated,Nueva Ecija,Luzon,6.77,153468.0,129.65,39.26,35.17,77.87,4.5,264.12,8.81,244.48,599.78,1.0907294402136458,783.0,32.90386740331492,23.75469613259669,20.50767955801105,5.97
2022_Semester_1,Irrigated,Nueva Vizcaya,Luzon,4.53,31823.0,83.87,18.75,15.5,29.08,55.42,76.65,0.83,99.45,261.43,1.31878257069497,1136.6,28.623204419889504,20.617127071823205,18.669060773480663,5.62
2022_Semester_1,Non-irrigated,Nueva Vizcaya,Luzon,3.4,1434.0,83.87,18.75,15.5,29.08,55.42,76.65,0.83,99.45,261.43,1.31878257069497,1136.6,28.623204419889504,20.617127071823205,18.669060773480663,5.23
2022_Semester_1,Irrigated,Occidental Mindoro,Luzon,4.51,23248.0,103.35,22.14,24.17,13.33,19.17,187.08,15.17,244.5,479.25,1.0482440337910695,962.2,30.307182320441985,23.19889502762431,18.933922651933702,6.33
2022_Semester_1,Irrigated,Oriental Mindoro,Luzon,4.08,40941.0,80.37,15.81,17.18,23.4,65.12,108.72,8.72,122.97,328.93,1.3386581809977196,1427.1,25.523204419889503,20.404972375690605,18.38116022099448,5.97
2022_Semester_1,Non-irrigated,Oriental Mindoro,Luzon,3.67,8455.0,80.37,15.81,17.18,23.4,65.12,108.72,8.72,122.97,328.93,1.3386581809977196,1427.1,25.523204419889503,20.404972375690605,18.38116022099448,5.78
2022_Semester_1,Irrigated,Palawan,Luzon,4.16,24102.0,60.28,23.76,19.93,45.83,9.17,229.79,6.67,110.42,401.88,1.07645511371499,808.0,27.05966850828729,22.793922651933705,19.279060773480666,5.82
2022_Semester_1,Non-irrigated,Palawan,Luzon,3.46,17622.0,60.28,23.76,19.93,45.83,9.17,229.79,6.67,110.42,401.88,1.07645511371499,808.0,27.05966850828729,22.793922651933705,19.279060773480666,5.72
2022_Semester_1,Irrigated,Pampanga,Luzon,5.08,49323.0,86.2,10.92,13.49,9.05,18.62,86.21,5.6,198.97,318.45,0.9858545701750577,883.6,33.01325966850828,23.70939226519337,20.122265193370165,5.87
2022_Semester_1,Irrigated,Pangasinan,Luzon,4.85,75095.0,107.96,19.26,18.76,14.03,30.29,87.64,2.12,131.92,266.0,1.1547126091934092,956.1,33.449723756906074,24.132596685082877,21.13552486187845,6.46
2022_Semester_1,Non-irrigated,Pangasinan,Luzon,3.54,292.0,107.96,19.26,18.76,14.03,30.29,87.64,2.12,131.92,266.0,1.1547126091934092,956.1,33.449723756906074,24.132596685082877,21.13552486187845,5.49
2022_Semester_1,Irrigated,Quezon,Luzon,4.01,16730.0,56.28,12.46,12.71,0.0,0.0,72.16,0.0,79.31,151.47,0.6920326544804554,976.1,28.36906077348066,25.43314917127072,20.12867403314917,6.25
2022_Semester_1,Non-irrigated,Quezon,Luzon,3.43,14130.0,56.28,12.46,12.71,0.0,0.0,72.16,0.0,79.31,151.47,0.6920326544804554,976.1,28.36906077348066,25.43314917127072,20.12867403314917,5.42
2022_Semester_1,Irrigated,Quirino,Luzon,4.77,11708.0,60.14,18.69,12.71,25.04,11.33,68.85,0.0,63.14,168.36,1.1985100120899261,913.4,26.57182320441989,19.906629834254147,17.662486187845303,6.36
2022_Semester_1,Non-irrigated,Quirino,Luzon,3.02,1133.0,60.14,18.69,12.71,25.04,11.33,68.85,0.0,63.14,168.36,1.1985100120899261,913.4,26.57182320441989,19.906629834254147,17.662486187845303,5.6
2022_Semester_1,Irrigated,Rizal,Luzon,4.65,2952.0,62.69,9.15,9.15,3.75,0.42,63.58,0.0,102.58,170.32999999999998,0.7720548877425207,648.5,30.893370165745857,23.27127071823205,20.22795580110497,6.25
2022_Semester_1,Non-irrigated,Rizal,Luzon,3.1,20.0,62.69,9.15,9.15,3.75,0.42,63.58,0.0,102.58,170.32999999999998,0.7720548877425207,648.5,30.893370165745857,23.27127071823205,20.22795580110497,5.52
2022_Semester_1,Irrigated,Romblon,Luzon,3.83,2592.0,65.44,15.97,16.77,12.5,0.0,55.72,7.5,59.43,135.15,1.1072266228309051,732.1,28.488397790055245,26.43038674033149,20.85303867403315,5.67
2022_Semester_1,Non-irrigated,Romblon,Luzon,3.47,2523.0,65.44,15.97,16.77,12.5,0.0,55.72,7.5,59.43,135.15,1.1072266228309051,732.1,28.488397790055245,26.43038674033149,20.85303867403315,5.4
2022_Semester_1,Irrigated,Sorsogon,Luzon,4.4,12638.0,54.37,15.21,13.37,5.45,0.0,67.94,0.0,52.67,126.06,0.8335786280678392,804.9,29.032596685082872,24.61657458563536,19.17552486187845,6.3
2022_Semester_1,Non-irrigated,Sorsogon,Luzon,4.0,5098.0,54.37,15.21,13.37,5.45,0.0,67.94,0.0,52.67,126.06,0.8335786280678392,804.9,29.032596685082872,24.61657458563536,19.17552486187845,5.03
2022_Semester_1,Irrigated,Tarlac,Luzon,4.4,56194.0,92.69,15.66,18.31,10.47,50.31,92.48,3.49,135.9,292.65,1.1949109669598783,1096.8,32.11878453038674,22.71049723756906,20.515966850828733,6.44
2022_Semester_1,Irrigated,Zambales,Luzon,4.23,11029.0,65.79,6.27,6.47,3.51,57.19,32.05,1.14,86.75,180.64,1.1317155424203407,997.2,31.176795580110497,23.15359116022099,20.12988950276243,6.19
2022_Semester_1,Irrigated,Agusan del Norte,Mindanao,3.33,9565.0,59.24,11.15,16.64,12.08,131.78,67.82,12.83,52.95,277.46000000000004,1.292665147077907,1848.3,29.212707182320443,23.575138121546964,17.334033149171272,5.72
2022_Semester_1,Non-irrigated,Agusan del Norte,Mindanao,2.9,1934.0,59.24,11.15,16.64,12.08,131.78,67.82,12.83,52.95,277.46000000000004,1.292665147077907,1848.3,29.212707182320443,23.575138121546964,17.334033149171272,5.36
2022_Semester_1,Irrigated,Agusan del Sur,Mindanao,3.6,20796.0,40.68,8.33,10.44,5.0,86.2,60.83,2.5,42.92,197.45,1.2047137321205095,2547.8,29.9585635359116,23.07292817679558,17.266629834254143,6.45
2022_Semester_1,Non-irrigated,Agusan del Sur,Mindanao,3.05,25257.0,40.68,8.33,10.44,5.0,86.2,60.83,2.5,42.92,197.45,1.2047137321205095,2547.8,29.9585635359116,23.07292817679558,17.266629834254143,5.46
2022_Semester_1,Irrigated,Bukidnon,Mindanao,4.54,41791.0,88.38,22.8,19.24,55.99,142.83,117.78,7.56,105.8,429.96000000000004,1.4023305820700145,2060.2,25.65801104972376,18.966298342541435,18.580662983425416,5.87
2022_Semester_1,Non-irrigated,Bukidnon,Mindanao,3.82,5624.0,88.38,22.8,19.24,55.99,142.83,117.78,7.56,105.8,429.96000000000004,1.4023305820700145,2060.2,25.65801104972376,18.966298342541435,18.580662983425416,6.07
2022_Semester_1,Irrigated,Camiguin,Mindanao,3.72,314.0,96.12,24.18,27.65,0.33,21.33,56.75,1.67,49.45,129.53,1.0975334360435487,1352.9,20.8414364640884,16.559668508287295,20.542707182320445,5.9
2022_Semester_1,Irrigated,Davao Occidental,Mindanao,4.45,240.0,55.53,13.3,29.01,1.67,49.63,86.3,26.25,58.08,221.93,1.342347591872245,1344.6,23.747513812154693,17.824309392265196,17.2814364640884,6.11
2022_Semester_1,Non-irrigated,Davao Occidental,Mindanao,1.34,190.0,55.53,13.3,29.01,1.67,49.63,86.3,26.25,58.08,221.93,1.342347591872245,1344.6,23.747513812154693,17.824309392265196,17.2814364640884,5.53
2022_Semester_1,Irrigated,Davao Oriental,Mindanao,4.99,6203.0,90.99,24.89,20.69,23.33,78.83,98.75,2.08,79.43,282.42,1.3225422304575325,1399.9,22.413259668508285,15.740883977900552,17.991270718232045,6.29
2022_Semester_1,Non-irrigated,Davao Oriental,Mindanao,3.0,2229.0,90.99,24.89,20.69,23.33,78.83,98.75,2.08,79.43,282.42,1.3225422304575325,1399.9,22.413259668508285,15.740883977900552,17.991270718232045,5.42
2022_Semester_1,Irrigated,Davao de Oro,Mindanao,4.07,11531.0,59.46,10.52,18.13,15.83,99.89,73.92,23.33,73.67,286.64,1.4301616261180494,1807.9,29.3292817679558,22.23038674033149,17.473867403314916,6.14
2022_Semester_1,Non-irrigated,Davao de Oro,Mindanao,3.82,2550.0,59.46,10.52,18.13,15.83,99.89,73.92,23.33,73.67,286.64,1.4301616261180494,1807.9,29.3292817679558,22.23038674033149,17.473867403314916,5.16
2022_Semester_1,Irrigated,Davao del Norte,Mindanao,4.09,14686.0,67.75,10.31,19.17,16.83,81.35,51.25,16.67,80.7,246.8,1.4229008365614115,1822.8,30.16408839779006,23.25193370165746,18.09453038674033,5.67
2022_Semester_1,Non-irrigated,Davao del Norte,Mindanao,3.32,1408.0,67.75,10.31,19.17,16.83,81.35,51.25,16.67,80.7,246.8,1.4229008365614115,1822.8,30.16408839779006,23.25193370165746,18.09453038674033,5.81
2022_Semester_1,Irrigated,Davao del Sur,Mindanao,4.67,13524.0,83.58,16.13,15.7,31.17,36.18,103.59,2.83,126.09,299.86,1.2659646877806048,1073.2,29.950276243093924,23.280110497237573,19.64966850828729,5.7
2022_Semester_1,Non-irrigated,Davao del Sur,Mindanao,2.73,561.0,83.58,16.13,15.7,31.17,36.18,103.59,2.83,126.09,299.86,1.2659646877806048,1073.2,29.950276243093924,23.280110497237573,19.64966850828729,5.35
2022_Semester_1,Irrigated,Dinagat Islands,Mindanao,2.19,1135.0,77.05,28.79,29.81,0.0,0.0,111.88,0.83,49.1,161.81,0.6440549495043851,1966.6,27.911049723756904,23.94254143646409,17.74099447513812,6.38
2022_Semester_1,Non-irrigated,Dinagat Islands,Mindanao,1.97,532.0,77.05,28.79,29.81,0.0,0.0,111.88,0.83,49.1,161.81,0.6440549495043851,1966.6,27.911049723756904,23.94254143646409,17.74099447513812,5.71
2022_Semester_1,Irrigated,Lanao del Norte,Mindanao,4.83,14735.0,87.62,15.25,17.29,18.72,109.18,73.03,3.28,93.52,297.73,1.2999487571641752,2600.9,27.36022099447514,21.72099447513812,17.504585635359117,6.0
2022_Semester_1,Non-irrigated,Lanao del Norte,Mindanao,4.03,1050.0,87.62,15.25,17.29,18.72,109.18,73.03,3.28,93.52,297.73,1.2999487571641752,2600.9,27.36022099447514,21.72099447513812,17.504585635359117,5.64
2022_Semester_1,Irrigated,Lanao del Sur,Mindanao,3.07,8508.0,96.54,15.1,12.65,26.98,47.45,37.1,6.67,90.45,208.65,1.3807993092788393,2520.2,24.996132596685083,19.298895027624308,17.248011049723758,6.32
2022_Semester_1,Non-irrigated,Lanao del Sur,Mindanao,2.51,19934.0,96.54,15.1,12.65,26.98,47.45,37.1,6.67,90.45,208.65,1.3807993092788393,2520.2,24.996132596685083,19.298895027624308,17.248011049723758,6.07
2022_Semester_1,Irrigated,Misamis Occidental,Mindanao,4.15,8716.0,75.68,5.35,5.89,1.69,100.17,23.83,0.0,52.77,178.46,0.9974135534455246,2771.0,22.472375690607738,17.88232044198895,17.142265193370164,5.71
2022_Semester_1,Non-irrigated,Misamis Occidental,Mindanao,3.19,225.0,75.68,5.35,5.89,1.69,100.17,23.83,0.0,52.77,178.46,0.9974135534455246,2771.0,22.472375690607738,17.88232044198895,17.142265193370164,5.02
2022_Semester_1,Irrigated,Misamis Oriental,Mindanao,3.91,2544.0,87.48,21.63,20.11,26.1,46.31,59.1,5.08,66.8,203.39,1.4173681441776882,2151.8,25.604972375690608,21.26629834254144,18.754033149171278,6.14
2022_Semester_1,Non-irrigated,Misamis Oriental,Mindanao,2.63,140.0,87.48,21.63,20.11,26.1,46.31,59.1,5.08,66.8,203.39,1.4173681441776882,2151.8,25.604972375690608,21.26629834254144,18.754033149171278,5.33
2022_Semester_1,Irrigated,North Cotabato,Mindanao,3.68,41847.0,66.12,12.55,10.35,29.65,67.03,50.0,5.81,84.71,237.2,1.4038113331966293,2867.0,29.68453038674033,22.622651933701658,18.808342541436467,6.08
2022_Semester_1,Non-irrigated,North Cotabato,Mindanao,2.35,11877.0,66.12,12.55,10.35,29.65,67.03,50.0,5.81,84.71,237.2,1.4038113331966293,2867.0,29.68453038674033,22.622651933701658,18.808342541436467,5.15
2022_Semester_1,Irrigated,Sarangani,Mindanao,3.19,3811.0,64.48,11.68,12.19,16.17,63.33,58.92,7.5,104.41,250.33,1.3349829851974941,1173.5,30.216574585635364,24.635911602209948,18.80613259668509,5.82
2022_Semester_1,Non-irrigated,Sarangani,Mindanao,2.84,373.0,64.48,11.68,12.19,16.17,63.33,58.92,7.5,104.41,250.33,1.3349829851974941,1173.5,30.216574585635364,24.635911602209948,18.80613259668509,5.21
2022_Semester_1,Irrigated,South Cotabato,Mindanao,3.49,32212.0,75.7,7.76,9.62,6.67,43.75,46.3,6.67,146.88,250.26999999999998,1.1230313362839284,1449.2,27.39889502762431,21.392265193370168,18.178066298342543,5.63
2022_Semester_1,Non-irrigated,South Cotabato,Mindanao,2.78,4482.0,75.7,7.76,9.62,6.67,43.75,46.3,6.67,146.88,250.26999999999998,1.1230313362839284,1449.2,27.39889502762431,21.392265193370168,18.178066298342543,5.96
2022_Semester_1,Irrigated,Sultan Kudarat,Mindanao,3.34,40442.0,78.26,5.0,7.47,5.83,58.68,40.0,4.18,155.83,264.52,1.0810463458817545,1517.5,26.72541436464088,20.164088397790053,18.73966850828729,6.44
2022_Semester_1,Non-irrigated,Sultan Kudarat,Mindanao,2.27,6528.0,78.26,5.0,7.47,5.83,58.68,40.0,4.18,155.83,264.52,1.0810463458817545,1517.5,26.72541436464088,20.164088397790053,18.73966850828729,5.63
2022_Semester_1,Irrigated,Surigao del Norte,Mindanao,3.2,8050.0,68.7,19.48,19.58,0.0,33.83,93.63,0.0,58.73,186.19,1.019500808294059,2061.6,28.533701657458565,24.39613259668509,17.519447513812157,5.62
2022_Semester_1,Non-irrigated,Surigao del Norte,Mindanao,2.8,4949.0,68.7,19.48,19.58,0.0,33.83,93.63,0.0,58.73,186.19,1.019500808294059,2061.6,28.533701657458565,24.39613259668509,17.519447513812157,5.28
2022_Semester_1,Irrigated,Surigao del Sur,Mindanao,3.04,11640.0,44.14,15.54,18.76,12.75,64.63,91.85,8.33,33.88,211.44,1.3146610944711743,2168.8,26.75027624309393,21.72596685082873,17.543149171270716,6.36
2022_Semester_1,Non-irrigated,Surigao del Sur,Mindanao,2.76,7429.0,44.14,15.54,18.76,12.75,64.63,91.85,8.33,33.88,211.44,1.3146610944711743,2168.8,26.75027624309393,21.72596685082873,17.543149171270716,5.14
2022_Semester_1,Irrigated,Zamboanga Sibugay,Mindanao,4.4,7416.0,58.9,14.74,22.77,28.12,31.34,102.35,10.83,97.87,270.51,1.3494391862020172,1822.6,29.952486187845302,24.386740331491712,18.2714364640884,6.11
2022_Semester_1,Non-irrigated,Zamboanga Sibugay,Mindanao,3.77,6780.0,58.9,14.74,22.77,28.12,31.34,102.35,10.83,97.87,270.51,1.3494391862020172,1822.6,29.952486187845302,24.386740331491712,18.2714364640884,5.52
2022_Semester_1,Irrigated,Zamboanga del Norte,Mindanao,3.7,6138.0,68.94,17.67,13.67,35.75,38.18,82.3,2.63,79.26,238.12,1.3612985548189172,1690.5,28.34696132596685,22.90497237569061,18.20458563535912,5.71
2022_Semester_1,Non-irrigated,Zamboanga del Norte,Mindanao,2.66,7785.0,68.94,17.67,13.67,35.75,38.18,82.3,2.63,79.26,238.12,1.3612985548189172,1690.5,28.34696132596685,22.90497237569061,18.20458563535912,5.2
2022_Semester_1,Irrigated,Zamboanga del Sur,Mindanao,4.48,28642.0,62.51,9.81,15.03,31.03,114.71,40.57,0.0,49.57,235.88,1.247998103106647,1971.8,29.52651933701658,23.56685082872928,19.168342541436463,6.26
2022_Semester_1,Non-irrigated,Zamboanga del Sur,Mindanao,4.3,5340.0,62.51,9.81,15.03,31.03,114.71,40.57,0.0,49.57,235.88,1.247998103106647,1971.8,29.52651933701658,23.56685082872928,19.168342541436463,5.28
2022_Semester_1,Irrigated,Aklan,Visayas,3.26,9129.0,57.03,13.29,11.07,11.44,9.13,38.94,0.42,47.24,107.17,1.1992967119877336,1768.8,28.017127071823207,22.53756906077348,18.35745856353591,5.63
2022_Semester_1,Non-irrigated,Aklan,Visayas,2.45,8826.0,57.03,13.29,11.07,11.44,9.13,38.94,0.42,47.24,107.17,1.1992967119877336,1768.8,28.017127071823207,22.53756906077348,18.35745856353591,5.12
2022_Semester_1,Irrigated,Antique,Visayas,3.75,18018.0,85.5,13.87,11.75,13.04,24.5,48.83,2.08,79.92,168.37,1.2455598717429117,1048.0,29.859668508287296,24.55193370165746,19.466740331491717,6.2
2022_Semester_1,Non-irrigated,Antique,Visayas,3.16,5783.0,85.5,13.87,11.75,13.04,24.5,48.83,2.08,79.92,168.37,1.2455598717429117,1048.0,29.859668508287296,24.55193370165746,19.466740331491717,5.22
2022_Semester_1,Irrigated,Biliran,Visayas,4.34,6018.0,72.46,20.75,5.03,40.83,0.0,26.7,0.0,69.08,136.61,1.0248225504052342,1084.7,26.169060773480663,21.462983425414365,19.067513812154697,5.74
2022_Semester_1,Irrigated,Bohol,Visayas,2.88,16586.0,50.54,19.7,18.69,3.02,0.06,59.37,0.12,29.45,92.02,0.7729347557211318,1357.8,27.28729281767956,21.880662983425413,17.842983425414364,5.98
2022_Semester_1,Non-irrigated,Bohol,Visayas,2.17,12197.0,50.54,19.7,18.69,3.02,0.06,59.37,0.12,29.45,92.02,0.7729347557211318,1357.8,27.28729281767956,21.880662983425413,17.842983425414364,5.79
2022_Semester_1,Irrigated,Capiz,Visayas,3.23,13718.0,58.07,15.22,10.08,18.75,2.08,61.12,0.0,72.69,154.64,1.035512066273379,1748.0,29.307734806629835,23.11823204419889,18.27867403314917,6.42
2022_Semester_1,Non-irrigated,Capiz,Visayas,2.87,44458.0,58.07,15.22,10.08,18.75,2.08,61.12,0.0,72.69,154.64,1.035512066273379,1748.0,29.307734806629835,23.11823204419889,18.27867403314917,5.15
2022_Semester_1,Irrigated,Cebu,Visayas,2.65,1685.0,84.18,23.48,36.27,4.33,4.33,95.7,13.67,91.57,209.6,1.0580758262881709,1509.5,27.27734806629834,21.93701657458564,18.83850828729282,5.8
2022_Semester_1,Non-irrigated,Cebu,Visayas,2.81,178.0,84.18,23.48,36.27,4.33,4.33,95.7,13.67,91.57,209.6,1.0580758262881709,1509.5,27.27734806629834,21.93701657458564,18.83850828729282,5.52
2022_Semester_1,Irrigated,Eastern Samar,Visayas,2.18,1096.0,28.77,10.95,10.96,0.0,0.0,63.45,0.0,28.07,91.52000000000001,0.6164420365118475,2191.6,27.47624309392265,23.22486187845304,17.402209944751384,5.62
2022_Semester_1,Non-irrigated,Eastern Samar,Visayas,2.12,13216.0,28.77,10.95,10.96,0.0,0.0,63.45,0.0,28.07,91.52000000000001,0.6164420365118475,2191.6,27.47624309392265,23.22486187845304,17.402209944751384,5.51
2022_Semester_1,Irrigated,Guimaras,Visayas,3.16,1660.0,63.8,26.79,23.88,32.17,13.33,150.0,5.0,67.17,267.67,1.149847509100975,1126.0,28.694475138121547,23.298342541436465,20.81281767955801,5.96
2022_Semester_1,Non-irrigated,Guimaras,Visayas,2.45,4382.0,63.8,26.79,23.88,32.17,13.33,150.0,5.0,67.17,267.67,1.149847509100975,1126.0,28.694475138121547,23.298342541436465,20.81281767955801,5.1
2022_Semester_1,Irrigated,Iloilo,Visayas,3.6,45480.0,76.14,19.11,12.62,25.65,29.7,75.0,0.0,76.74,207.08999999999997,1.2729125913515955,1485.8,29.967955801104974,23.46519337016575,19.08767955801105,6.42
2022_Semester_1,Non-irrigated,Iloilo,Visayas,3.28,62669.0,76.14,19.11,12.62,25.65,29.7,75.0,0.0,76.74,207.08999999999997,1.2729125913515955,1485.8,29.967955801104974,23.46519337016575,19.08767955801105,5.39
2022_Semester_1,Irrigated,Leyte,Visayas,4.11,38920.0,54.01,9.36,10.13,3.99,2.59,71.17,2.56,87.37,167.68,0.9206329754736213,1699.9,25.102209944751387,20.41823204419889,16.86022099447514,5.88
2022_Semester_1,Non-irrigated,Leyte,Visayas,3.34,12475.0,54.01,9.36,10.13,3.99,2.59,71.17,2.56,87.37,167.68,0.9206329754736213,1699.9,25.102209944751387,20.41823204419889,16.86022099447514,6.05
2022_Semester_1,Irrigated,Negros Occidental,Visayas,3.18,24780.0,65.25,15.84,13.33,20.94,32.11,51.94,3.89,58.44,167.32,1.394871369024865,1456.6,31.38508287292817,23.900552486187845,19.067348066298344,6.01
2022_Semester_1,Non-irrigated,Negros Occidental,Visayas,1.45,5282.0,65.25,15.84,13.33,20.94,32.11,51.94,3.89,58.44,167.32,1.394871369024865,1456.6,31.38508287292817,23.900552486187845,19.067348066298344,5.56
2022_Semester_1,Irrigated,Negros Oriental,Visayas,2.55,6189.0,77.82,17.73,10.89,26.88,9.32,47.59,1.69,74.78,160.26,1.229129923625489,1194.5,27.32541436464088,21.95303867403315,19.599447513812155,6.36
2022_Semester_1,Non-irrigated,Negros Oriental,Visayas,1.75,992.0,77.82,17.73,10.89,26.88,9.32,47.59,1.69,74.78,160.26,1.229129923625489,1194.5,27.32541436464088,21.95303867403315,19.599447513812155,5.11
2022_Semester_1,Irrigated,Northern Samar,Visayas,2.67,1905.0,16.95,6.49,6.19,1.22,0.24,62.28,0.0,28.51,92.25,0.7008229526905538,1270.6,29.132044198895027,22.964640883977903,17.730994475138125,5.66
2022_Semester_1,Non-irrigated,Northern Samar,Visayas,2.51,18831.0,16.95,6.49,6.19,1.22,0.24,62.28,0.0,28.51,92.25,0.7008229526905538,1270.6,29.132044198895027,22.964640883977903,17.730994475138125,5.71
2022_Semester_1,Irrigated,Siquijor,Visayas,4.98,315.0,71.28,16.89,19.9,2.5,1.37,49.08,2.0,51.33,106.28,0.9273624757493659,1223.5,25.819889502762432,21.97513812154696,21.045966850828727,5.78
2022_Semester_1,Non-irrigated,Siquijor,Visayas,3.67,66.0,71.28,16.89,19.9,2.5,1.37,49.08,2.0,51.33,106.28,0.9273624757493659,1223.5,25.819889502762432,21.97513812154696,21.045966850828727,6.08
2022_Semester_1,Irrigated,Southern Leyte,Visayas,3.98,7267.0,78.42,18.77,16.25,8.05,2.86,41.96,0.0,54.05,106.92,1.0035225553403118,1719.4,28.66022099447514,24.78729281767956,18.66314917127072,5.74
2022_Semester_1,Non-irrigated,Southern Leyte,Visayas,2.98,764.0,78.42,18.77,16.25,8.05,2.86,41.96,0.0,54.05,106.92,1.0035225553403118,1719.4,28.66022099447514,24.78729281767956,18.66314917127072,5.13
2022_Semester_1,Irrigated,Western Samar,Visayas,3.42,2580.0,23.36,10.6,10.67,0.0,0.0,71.9,0.0,31.7,103.60000000000001,0.6158500497301131,1190.7,28.11988950276243,21.895027624309392,18.64171270718232,5.77
2022_Semester_1,Non-irrigated,Western Samar,Visayas,2.44,28136.0,23.36,10.6,10.67,0.0,0.0,71.9,0.0,31.7,103.60000000000001,0.6158500497301131,1190.7,28.11988950276243,21.895027624309392,18.64171270718232,5.32
