province,island_group,season_period,rainfall_mm,temp_max_c,temp_min_c,solar_radiation_mj_m2
Ilocos Norte,IslandGroup.LUZON,2022_Semester_1,787.7,32.67955801104972,23.481215469613257,20.44414364640884
Ilocos Norte,IslandGroup.LUZON,2021_Semester_2,1566.6,31.09347826086957,23.922826086956523,17.354293478260868
Ilocos Sur,IslandGroup.LUZON,2022_Semester_1,1051.3,29.353038674033147,20.883977900552487,20.185911602209945
Ilocos Sur,IslandGroup.LUZON,2021_Semester_2,2118.1,28.803260869565214,21.598913043478262,17.074510869565216
La Union,IslandGroup.LUZON,2022_Semester_1,993.8,30.045856353591162,22.585635359116026,19.958011049723755
La Union,IslandGroup.LUZON,2021_Semester_2,2708.6,29.095108695652176,23.260326086956525,16.580271739130435
Pangasinan,IslandGroup.LUZON,2022_Semester_1,956.1,33.449723756906074,24.132596685082873,21.13552486187845
Pangasinan,IslandGroup.LUZON,2021_Semester_2,1303.5,31.5820652173913,24.395108695652173,17.95467391304348
Batanes,IslandGroup.LUZON,2022_Semester_1,832.0,26.478453038674036,24.89834254143646,18.996519337016576
Batanes,IslandGroup.LUZON,2021_Semester_2,1825.5,28.0695652173913,26.39184782608696,17.363315217391303
Cagayan,IslandGroup.LUZON,2022_Semester_1,1153.8,29.720441988950274,22.20497237569061,18.495966850828733
Cagayan,IslandGroup.LUZON,2021_Semester_2,1350.4,30.029347826086955,23.35978260869565,16.37255434782609
Isabela,IslandGroup.LUZON,2022_Semester_1,1204.3,30.18839779005525,22.25193370165746,19.29779005524862
Isabela,IslandGroup.LUZON,2021_Semester_2,1311.2,30.224999999999998,23.42391304347826,16.59467391304348
Nueva Vizcaya,IslandGroup.LUZON,2022_Semester_1,1136.6,28.623204419889504,20.617127071823205,18.669060773480666
Nueva Vizcaya,IslandGroup.LUZON,2021_Semester_2,1684.7,28.06576086956522,21.77445652173913,16.12711956521739
Quirino,IslandGroup.LUZON,2022_Semester_1,913.4,26.57182320441989,19.906629834254147,17.662486187845303
Quirino,IslandGroup.LUZON,2021_Semester_2,1446.6,26.80923913043478,21.138043478260872,14.819782608695652
Bataan,IslandGroup.LUZON,2022_Semester_1,788.8,31.10939226519337,23.275138121546956,20.965690607734807
Bataan,IslandGroup.LUZON,2021_Semester_2,1917.0,28.77173913043478,23.71630434782608,17.003586956521737
Bulacan,IslandGroup.LUZON,2022_Semester_1,901.5,31.100552486187848,23.264088397790058,19.8492817679558
Bulacan,IslandGroup.LUZON,2021_Semester_2,1708.2,29.42228260869565,23.758695652173916,16.05320652173913
Nueva Ecija,IslandGroup.LUZON,2022_Semester_1,783.0,32.90386740331492,23.75469613259669,20.507679558011052
Nueva Ecija,IslandGroup.LUZON,2021_Semester_2,1440.9,31.07228260869565,24.061956521739127,16.879402173913043
Pampanga,IslandGroup.LUZON,2022_Semester_1,883.6,33.01325966850828,23.70939226519337,20.122265193370165
Pampanga,IslandGroup.LUZON,2021_Semester_2,1606.4,30.63804347826087,24.035326086956523,16.708152173913046
Tarlac,IslandGroup.LUZON,2022_Semester_1,1096.8,32.11878453038674,22.71049723756906,20.515966850828733
Tarlac,IslandGroup.LUZON,2021_Semester_2,1535.3,30.5195652173913,23.37119565217391,16.97907608695652
Zambales,IslandGroup.LUZON,2022_Semester_1,997.2,31.176795580110497,23.15359116022099,20.12988950276243
Zambales,IslandGroup.LUZON,2021_Semester_2,2529.8,29.54673913043478,23.589673913043477,16.237228260869564
Aurora,IslandGroup.LUZON,2022_Semester_1,1144.7,28.523204419889503,24.081767955801105,18.7514364640884
Aurora,IslandGroup.LUZON,2021_Semester_2,1650.3,29.495652173913047,25.214673913043477,16.24353260869565
Batangas,IslandGroup.LUZON,2022_Semester_1,733.5,30.72541436464088,23.02872928176796,19.453425414364638
Batangas,IslandGroup.LUZON,2021_Semester_2,1499.6,28.482608695652175,23.52445652173913,16.242228260869567
Cavite,IslandGroup.LUZON,2022_Semester_1,819.2,31.320994475138125,23.24696132596685,20.019226519337014
Cavite,IslandGroup.LUZON,2021_Semester_2,1544.2,29.26793478260869,23.60760869565217,16.56663043478261
Laguna,IslandGroup.LUZON,2022_Semester_1,831.4,30.588950276243096,24.781767955801104,19.635580110497237
Laguna,IslandGroup.LUZON,2021_Semester_2,1318.0,29.664673913043476,25.173369565217396,16.27190217391304
Quezon,IslandGroup.LUZON,2022_Semester_1,976.1,28.36906077348066,25.433149171270717,20.12867403314917
Quezon,IslandGroup.LUZON,2021_Semester_2,1687.5,28.720108695652176,25.960869565217397,17.097717391304347
Rizal,IslandGroup.LUZON,2022_Semester_1,648.5,30.893370165745857,23.271270718232046,20.227955801104972
Rizal,IslandGroup.LUZON,2021_Semester_2,1630.8,29.276086956521734,23.54891304347826,16.255489130434785
Albay,IslandGroup.LUZON,2022_Semester_1,836.3,28.02651933701657,22.772928176795578,19.07790055248619
Albay,IslandGroup.LUZON,2021_Semester_2,1678.6,28.27880434782609,23.34130434782608,16.282065217391306
Camarines Norte,IslandGroup.LUZON,2022_Semester_1,1098.3,28.632596685082873,23.1524861878453,18.706132596685084
Camarines Norte,IslandGroup.LUZON,2021_Semester_2,1722.2,28.84728260869565,23.96358695652174,15.808260869565219
Camarines Sur,IslandGroup.LUZON,2022_Semester_1,642.3,29.670718232044198,23.948618784530385,19.085248618784533
Camarines Sur,IslandGroup.LUZON,2021_Semester_2,1321.7,29.28369565217391,24.667391304347827,16.316304347826087
Catanduanes,IslandGroup.LUZON,2022_Semester_1,1290.8,27.173480662983422,21.961325966850826,19.43243093922652
Catanduanes,IslandGroup.LUZON,2021_Semester_2,1985.7,27.632608695652173,22.770652173913046,17.19684782608696
Masbate,IslandGroup.LUZON,2022_Semester_1,997.7,28.88674033149172,24.039226519337017,19.092762430939228
Masbate,IslandGroup.LUZON,2021_Semester_2,1472.5,28.932608695652174,24.646195652173912,16.83782608695652
Sorsogon,IslandGroup.LUZON,2022_Semester_1,804.9,29.032596685082872,24.616574585635362,19.175524861878454
Sorsogon,IslandGroup.LUZON,2021_Semester_2,1223.7,29.103804347826088,25.18152173913043,17.007717391304347
Aklan,IslandGroup.VISAYAS,2022_Semester_1,1768.8,28.017127071823207,22.53756906077348,18.35745856353591
Aklan,IslandGroup.VISAYAS,2021_Semester_2,2058.6,28.279347826086955,23.088043478260868,16.125978260869566
Antique,IslandGroup.VISAYAS,2022_Semester_1,1048.0,29.859668508287296,24.55193370165746,19.466740331491714
Antique,IslandGroup.VISAYAS,2021_Semester_2,2840.1,29.2695652173913,24.724456521739135,16.383315217391303
Capiz,IslandGroup.VISAYAS,2022_Semester_1,1748.0,29.307734806629835,23.118232044198894,18.27867403314917
Capiz,IslandGroup.VISAYAS,2021_Semester_2,2142.7,29.537499999999998,23.72934782608696,16.15342391304348
Iloilo,IslandGroup.VISAYAS,2022_Semester_1,1485.8,29.967955801104978,23.46519337016575,19.08767955801105
Iloilo,IslandGroup.VISAYAS,2021_Semester_2,1670.0,29.65869565217391,23.974456521739132,16.614619565217392
Guimaras,IslandGroup.VISAYAS,2022_Semester_1,1126.0,28.694475138121547,23.298342541436465,20.812817679558012
Guimaras,IslandGroup.VISAYAS,2021_Semester_2,1453.9,28.12826086956522,23.516304347826086,17.996467391304346
Bohol,IslandGroup.VISAYAS,2022_Semester_1,1357.8,27.287292817679557,21.880662983425413,17.842983425414364
Bohol,IslandGroup.VISAYAS,2021_Semester_2,1773.3,27.429347826086957,22.383152173913043,16.01782608695652
Cebu,IslandGroup.VISAYAS,2022_Semester_1,1509.5,27.27734806629834,21.937016574585638,18.83850828729282
Cebu,IslandGroup.VISAYAS,2021_Semester_2,1844.9,27.402717391304346,22.57119565217391,17.08858695652174
Eastern Samar,IslandGroup.VISAYAS,2022_Semester_1,2191.6,27.47624309392265,23.224861878453037,17.402209944751384
Eastern Samar,IslandGroup.VISAYAS,2021_Semester_2,2143.8,28.52445652173913,23.884782608695648,16.067934782608695
Leyte,IslandGroup.VISAYAS,2022_Semester_1,1699.9,25.102209944751387,20.418232044198895,16.86022099447514
Leyte,IslandGroup.VISAYAS,2021_Semester_2,1843.1,25.482065217391302,21.04728260869565,15.6
Northern Samar,IslandGroup.VISAYAS,2022_Semester_1,1270.6,29.132044198895027,22.964640883977903,17.730994475138125
Northern Samar,IslandGroup.VISAYAS,2021_Semester_2,1672.0,29.206521739130434,23.75380434782609,15.943858695652175
Samar,IslandGroup.VISAYAS,2022_Semester_1,1190.7,28.11988950276243,21.895027624309392,18.64171270718232
Samar,IslandGroup.VISAYAS,2021_Semester_2,1562.3,28.24402173913043,22.643478260869564,16.88282608695652
Southern Leyte,IslandGroup.VISAYAS,2022_Semester_1,1719.4,28.66022099447514,24.787292817679557,18.663149171270717
Southern Leyte,IslandGroup.VISAYAS,2021_Semester_2,1550.7,29.259239130434782,25.452717391304354,17.545597826086958
Biliran,IslandGroup.VISAYAS,2022_Semester_1,1084.7,26.169060773480666,21.462983425414365,19.067513812154697
Biliran,IslandGroup.VISAYAS,2021_Semester_2,1452.0,26.307065217391305,22.105434782608697,17.356304347826086
Sulu,IslandGroup.MINDANAO,2022_Semester_1,1483.2,28.695027624309393,24.150828729281773,18.112762430939227
Sulu,IslandGroup.MINDANAO,2021_Semester_2,1478.8,28.77173913043478,24.48967391304348,17.32108695652174
Zamboanga del Norte,IslandGroup.MINDANAO,2022_Semester_1,1690.5,28.346961325966852,22.90497237569061,18.204585635359116
Zamboanga del Norte,IslandGroup.MINDANAO,2021_Semester_2,1744.2,28.478804347826088,23.32228260869565,16.941847826086956
Zamboanga del Sur,IslandGroup.MINDANAO,2022_Semester_1,1971.8,29.52651933701658,23.56685082872928,19.168342541436466
Zamboanga del Sur,IslandGroup.MINDANAO,2021_Semester_2,2076.6,29.13369565217391,23.88695652173913,17.199891304347826
Zamboanga Sibugay,IslandGroup.MINDANAO,2022_Semester_1,1822.6,29.952486187845306,24.386740331491712,18.2714364640884
Zamboanga Sibugay,IslandGroup.MINDANAO,2021_Semester_2,1812.5,29.65271739130435,24.786956521739132,16.887826086956522
Bukidnon,IslandGroup.MINDANAO,2022_Semester_1,2060.2,25.658011049723758,18.966298342541435,18.580662983425416
Bukidnon,IslandGroup.MINDANAO,2021_Semester_2,2238.7,25.520652173913046,19.49402173913043,17.429347826086957
Camiguin,IslandGroup.MINDANAO,2022_Semester_1,1352.9,20.8414364640884,16.559668508287295,20.542707182320445
Camiguin,IslandGroup.MINDANAO,2021_Semester_2,1503.2,21.261413043478264,17.240760869565214,19.42679347826087
Lanao del Norte,IslandGroup.MINDANAO,2022_Semester_1,2600.9,27.36022099447514,21.72099447513812,17.504585635359117
Lanao del Norte,IslandGroup.MINDANAO,2021_Semester_2,2815.1,27.757608695652173,22.082065217391307,17.09554347826087
Misamis Occidental,IslandGroup.MINDANAO,2022_Semester_1,2771.0,22.472375690607738,17.88232044198895,17.142265193370164
Misamis Occidental,IslandGroup.MINDANAO,2021_Semester_2,2452.0,23.064130434782605,18.22119565217391,16.396684782608695
Misamis Oriental,IslandGroup.MINDANAO,2022_Semester_1,2151.8,25.604972375690608,21.266298342541436,18.754033149171274
Misamis Oriental,IslandGroup.MINDANAO,2021_Semester_2,1869.7,26.12826086956522,22.05054347826087,18.247771739130435
Davao del Norte,IslandGroup.MINDANAO,2022_Semester_1,1822.8,30.16408839779006,23.25193370165746,18.09453038674033
Davao del Norte,IslandGroup.MINDANAO,2021_Semester_2,1621.8,30.897826086956524,23.529347826086955,18.23157608695652
Davao del Sur,IslandGroup.MINDANAO,2022_Semester_1,1073.2,29.950276243093924,23.280110497237573,19.649668508287295
Davao del Sur,IslandGroup.MINDANAO,2021_Semester_2,916.3,30.724999999999998,23.717934782608697,19.010054347826088
Davao Oriental,IslandGroup.MINDANAO,2022_Semester_1,1399.9,22.413259668508285,15.740883977900552,17.991270718232045
Davao Oriental,IslandGroup.MINDANAO,2021_Semester_2,1247.4,22.86141304347826,16.131521739130434,17.226847826086956
Davao de Oro,IslandGroup.MINDANAO,2022_Semester_1,1807.9,29.3292817679558,22.23038674033149,17.473867403314916
Davao de Oro,IslandGroup.MINDANAO,2021_Semester_2,1534.3,30.183695652173913,22.792391304347824,17.278532608695652
Davao Occidental,IslandGroup.MINDANAO,2022_Semester_1,1344.6,23.747513812154693,17.824309392265196,17.2814364640884
Davao Occidental,IslandGroup.MINDANAO,2021_Semester_2,1100.3,24.328804347826086,18.000543478260873,17.56086956521739
Cotabato,IslandGroup.MINDANAO,2022_Semester_1,2867.0,29.68453038674033,22.622651933701658,18.808342541436467
Cotabato,IslandGroup.MINDANAO,2021_Semester_2,2413.2,29.650000000000002,23.03804347826087,18.003695652173914
South Cotabato,IslandGroup.MINDANAO,2022_Semester_1,1449.2,27.39889502762431,21.392265193370168,18.178066298342543
South Cotabato,IslandGroup.MINDANAO,2021_Semester_2,1689.1,27.78097826086957,21.721739130434777,17.691467391304347
Sultan Kudarat,IslandGroup.MINDANAO,2022_Semester_1,1517.5,26.72541436464088,20.164088397790053,18.739668508287295
Sultan Kudarat,IslandGroup.MINDANAO,2021_Semester_2,1437.5,27.089673913043477,20.448369565217394,17.99461956521739
Sarangani,IslandGroup.MINDANAO,2022_Semester_1,1173.5,30.216574585635364,24.635911602209948,18.80613259668509
Sarangani,IslandGroup.MINDANAO,2021_Semester_2,938.3,30.34619565217392,24.68152173913043,18.596847826086957
Abra,IslandGroup.LUZON,2022_Semester_1,976.0,30.606077348066297,21.836464088397793,20.190165745856355
Abra,IslandGroup.LUZON,2021_Semester_2,2122.3,29.555434782608696,22.64184782608696,17.195271739130437
Benguet,IslandGroup.LUZON,2022_Semester_1,922.4,21.81657458563536,13.28342541436464,20.081878453038676
Benguet,IslandGroup.LUZON,2021_Semester_2,3046.8,21.48315217391304,14.264673913043477,16.595489130434782
Ifugao,IslandGroup.LUZON,2022_Semester_1,1098.9,26.90939226519337,20.30276243093923,18.664088397790053
Ifugao,IslandGroup.LUZON,2021_Semester_2,1445.1,27.27445652173913,21.106521739130436,16.285000000000004
Kalinga,IslandGroup.LUZON,2022_Semester_1,1649.3,24.76906077348066,17.884530386740334,18.15850828729282
Kalinga,IslandGroup.LUZON,2021_Semester_2,1907.3,25.22119565217392,18.955434782608698,16.19777173913043
Mountain Province,IslandGroup.LUZON,2022_Semester_1,1181.8,18.755801104972377,11.756906077348063,18.091878453038674
Mountain Province,IslandGroup.LUZON,2021_Semester_2,1886.3,18.531521739130437,12.698913043478262,15.695054347826087
Apayao,IslandGroup.LUZON,2022_Semester_1,1371.6,23.74475138121547,16.474033149171273,17.376298342541435
Apayao,IslandGroup.LUZON,2021_Semester_2,1858.0,23.83695652173913,17.83478260869565,15.272391304347826
Agusan del Norte,IslandGroup.MINDANAO,2022_Semester_1,1848.3,29.212707182320443,23.575138121546964,17.334033149171272
Agusan del Norte,IslandGroup.MINDANAO,2021_Semester_2,1514.6,29.930434782608696,24.375543478260873,17.02896739130435
Agusan del Sur,IslandGroup.MINDANAO,2022_Semester_1,2547.8,29.9585635359116,23.07292817679558,17.266629834254143
Agusan del Sur,IslandGroup.MINDANAO,2021_Semester_2,2028.0,30.634239130434782,23.599999999999998,17.64771739130435
Surigao del Norte,IslandGroup.MINDANAO,2022_Semester_1,2061.6,28.533701657458565,24.39613259668509,17.519447513812157
Surigao del Norte,IslandGroup.MINDANAO,2021_Semester_2,1692.4,29.74021739130435,25.014130434782604,17.035978260869566
Surigao del Sur,IslandGroup.MINDANAO,2022_Semester_1,2168.8,26.75027624309393,21.72596685082873,17.543149171270716
Surigao del Sur,IslandGroup.MINDANAO,2021_Semester_2,2043.0,27.811956521739127,22.320652173913043,17.63494565217391
Dinagat Islands,IslandGroup.MINDANAO,2022_Semester_1,1966.6,27.911049723756904,23.94254143646409,17.74099447513812
Dinagat Islands,IslandGroup.MINDANAO,2021_Semester_2,2106.3,28.685869565217395,24.59347826086957,17.05929347826087
Marinduque,IslandGroup.LUZON,2022_Semester_1,1169.5,26.804972375690607,20.800552486187843,20.13265193370166
Marinduque,IslandGroup.LUZON,2021_Semester_2,1961.3,26.67336956521739,21.59021739130435,17.010978260869564
Occidental Mindoro,IslandGroup.LUZON,2022_Semester_1,962.2,30.307182320441985,23.19889502762431,18.933922651933702
Occidental Mindoro,IslandGroup.LUZON,2021_Semester_2,3202.9,28.588043478260875,23.35217391304348,14.916956521739133
Oriental Mindoro,IslandGroup.LUZON,2022_Semester_1,1427.1,25.523204419889503,20.404972375690605,18.381160220994477
Oriental Mindoro,IslandGroup.LUZON,2021_Semester_2,3238.8,25.75978260869565,21.150543478260868,15.019728260869567
Palawan,IslandGroup.LUZON,2022_Semester_1,808.0,27.059668508287295,22.793922651933702,19.279060773480666
Palawan,IslandGroup.LUZON,2021_Semester_2,1396.1,27.02771739130435,23.054347826086957,16.64521739130435
Romblon,IslandGroup.LUZON,2022_Semester_1,732.1,28.488397790055245,26.43038674033149,20.85303867403315
Romblon,IslandGroup.LUZON,2021_Semester_2,1476.0,28.738586956521736,26.82608695652174,17.861250000000002
Negros Occidental,IslandGroup.VISAYAS,2022_Semester_1,1456.6,31.38508287292817,23.900552486187845,19.067348066298344
Negros Occidental,IslandGroup.VISAYAS,2021_Semester_2,2130.2,30.310326086956525,24.192934782608695,16.77173913043478
Negros Oriental,IslandGroup.VISAYAS,2022_Semester_1,1194.5,27.32541436464088,21.95303867403315,19.599447513812155
Negros Oriental,IslandGroup.VISAYAS,2021_Semester_2,1993.7,27.20923913043478,22.224999999999998,17.381467391304348
Siquijor,IslandGroup.VISAYAS,2022_Semester_1,1223.5,25.819889502762432,21.97513812154696,21.045966850828727
Siquijor,IslandGroup.VISAYAS,2021_Semester_2,1688.9,26.31576086956522,22.45543478260869,19.050217391304347
Basilan,IslandGroup.MINDANAO,2022_Semester_1,1549.0,27.606629834254143,21.339226519337018,18.226077348066298
Basilan,IslandGroup.MINDANAO,2021_Semester_2,1648.3,27.57228260869565,21.63804347826087,17.219021739130433
Lanao del Sur,IslandGroup.MINDANAO,2022_Semester_1,2520.2,24.996132596685083,19.298895027624308,17.248011049723758
Lanao del Sur,IslandGroup.MINDANAO,2021_Semester_2,2297.6,25.233695652173914,19.746739130434783,16.998695652173915
Tawi-Tawi,IslandGroup.MINDANAO,2022_Semester_1,1146.6,29.22541436464088,25.0060773480663,19.054972375690607
Tawi-Tawi,IslandGroup.MINDANAO,2021_Semester_2,1108.2,29.527173913043477,25.396195652173915,17.910217391304347
Maguindanao del Norte,IslandGroup.MINDANAO,2022_Semester_1,1818.9,30.70939226519337,23.598895027624316,19.57447513812155
Maguindanao del Norte,IslandGroup.MINDANAO,2021_Semester_2,1522.5,30.472282608695654,23.993478260869573,18.621195652173913
Maguindanao del Sur,IslandGroup.MINDANAO,2022_Semester_1,2358.2,30.692817679558008,23.711602209944754,19.767845303867404
Maguindanao del Sur,IslandGroup.MINDANAO,2021_Semester_2,1791.8,30.78641304347826,24.067934782608695,18.69684782608696
