date,latitude,longitude,temp_max_c,temp_min_c,rainfall_mm,solar_radiation_mj_m2
2022-01-01,14.586995,121.002785,28.7,22.2,0.1,16.79
2022-01-02,14.586995,121.002785,28.3,21.4,0.0,15.4
2022-01-03,14.586995,121.002785,29.3,21.9,0.0,18.67
2022-01-04,14.586995,121.002785,29.0,22.5,0.0,15.38
2022-01-05,14.586995,121.002785,30.4,21.8,0.0,17.82
2022-01-06,14.586995,121.002785,28.6,22.4,1.3,13.96
2022-01-07,14.586995,121.002785,30.0,21.9,0.0,18.04
2022-01-08,14.586995,121.002785,29.6,22.0,1.8,17.31
2022-01-09,14.586995,121.002785,29.2,22.1,0.4,19.43
2022-01-10,14.586995,121.002785,29.4,22.5,0.0,19.59
2022-01-11,14.586995,121.002785,29.7,23.2,0.2,20.66
2022-01-12,14.586995,121.002785,28.5,21.6,1.7,17.33
2022-01-13,14.586995,121.002785,28.1,22.4,1.7,16.34
2022-01-14,14.586995,121.002785,29.1,21.9,0.4,15.71
2022-01-15,14.586995,121.002785,29.6,21.3,0.0,16.39
2022-01-16,14.586995,121.002785,30.3,20.5,0.0,18.43
2022-01-17,14.586995,121.002785,29.4,21.2,0.0,17.73
2022-01-18,14.586995,121.002785,30.0,20.7,0.0,17.83
2022-01-19,14.586995,121.002785,30.4,22.6,0.9,9.99
2022-01-20,14.586995,121.002785,30.2,23.1,4.3,15.2
2022-01-21,14.586995,121.002785,29.5,22.9,1.2,15.67
2022-01-22,14.586995,121.002785,30.6,22.6,1.1,18.9
2022-01-23,14.586995,121.002785,31.0,23.4,1.8,18.16
2022-01-24,14.586995,121.002785,29.8,23.1,0.9,18.41
2022-01-25,14.586995,121.002785,32.1,22.7,0.0,18.86
2022-01-26,14.586995,121.002785,30.1,24.4,3.4,12.18
2022-01-27,14.586995,121.002785,31.6,23.9,3.2,18.31
2022-01-28,14.586995,121.002785,32.5,24.0,0.1,19.57
2022-01-29,14.586995,121.002785,31.5,23.3,0.7,19.93
2022-01-30,14.586995,121.002785,29.3,24.9,8.4,19.01
2022-01-31,14.586995,121.002785,31.7,24.5,0.0,19.3
2022-02-01,14.586995,121.002785,30.9,23.4,2.8,18.23
2022-02-02,14.586995,121.002785,31.3,22.7,0.0,17.32
2022-02-03,14.586995,121.002785,29.5,23.6,2.1,14.6
2022-02-04,14.586995,121.002785,32.1,22.4,0.0,20.64
2022-02-05,14.586995,121.002785,30.7,22.9,0.0,11.9
2022-02-06,14.586995,121.002785,31.2,23.5,0.0,20.11
2022-02-07,14.586995,121.002785,30.0,23.4,5.1,13.2
2022-02-08,14.586995,121.002785,32.0,22.8,0.5,17.11
2022-02-09,14.586995,121.002785,31.9,23.2,0.9,20.19
2022-02-10,14.586995,121.002785,32.5,22.6,0.0,20.01
2022-02-11,14.586995,121.002785,32.6,22.7,0.0,19.26
2022-02-12,14.586995,121.002785,32.5,23.0,5.3,19.79
2022-02-13,14.586995,121.002785,30.9,24.3,1.2,18.0
2022-02-14,14.586995,121.002785,30.1,24.0,7.2,17.53
2022-02-15,14.586995,121.002785,31.6,23.4,0.1,19.94
2022-02-16,14.586995,121.002785,30.3,24.1,3.2,18.13
2022-02-17,14.586995,121.002785,30.3,23.9,0.9,16.99
2022-02-18,14.586995,121.002785,30.8,24.1,2.9,19.47
2022-02-19,14.586995,121.002785,31.5,23.6,0.9,19.38
2022-02-20,14.586995,121.002785,31.6,24.3,1.8,19.02
2022-02-21,14.586995,121.002785,32.7,24.0,0.3,19.82
2022-02-22,14.586995,121.002785,30.4,25.0,4.6,15.45
2022-02-23,14.586995,121.002785,32.0,24.1,0.4,15.63
2022-02-24,14.586995,121.002785,32.9,22.5,0.2,22.06
2022-02-25,14.586995,121.002785,32.0,24.2,0.6,22.01
2022-02-26,14.586995,121.002785,31.5,24.7,4.3,20.02
2022-02-27,14.586995,121.002785,32.4,23.1,2.1,21.72
2022-02-28,14.586995,121.002785,32.6,23.3,0.0,22.83
2022-03-01,14.586995,121.002785,34.1,23.5,0.0,22.15
2022-03-02,14.586995,121.002785,33.3,23.2,1.5,20.79
2022-03-03,14.586995,121.002785,34.0,24.3,0.6,21.62
2022-03-04,14.586995,121.002785,32.8,22.8,1.3,19.71
2022-03-05,14.586995,121.002785,32.0,24.4,0.0,21.07
2022-03-06,14.586995,121.002785,34.2,23.5,0.0,22.91
2022-03-07,14.586995,121.002785,31.6,24.2,0.0,23.71
2022-03-08,14.586995,121.002785,32.6,24.1,0.1,20.52
2022-03-09,14.586995,121.002785,32.1,24.4,0.0,18.84
2022-03-10,14.586995,121.002785,33.5,24.9,0.0,21.23
2022-03-11,14.586995,121.002785,32.8,25.0,2.9,19.34
2022-03-12,14.586995,121.002785,32.9,25.2,3.7,22.2
2022-03-13,14.586995,121.002785,31.7,24.2,6.2,17.14
2022-03-14,14.586995,121.002785,31.8,25.2,7.0,20.98
2022-03-15,14.586995,121.002785,32.9,24.4,3.8,22.27
2022-03-16,14.586995,121.002785,32.3,24.9,4.2,20.55
2022-03-17,14.586995,121.002785,33.6,24.6,4.5,21.19
2022-03-18,14.586995,121.002785,33.2,25.4,9.0,21.84
2022-03-19,14.586995,121.002785,32.8,24.8,0.6,23.64
2022-03-20,14.586995,121.002785,34.4,25.4,0.4,21.75
2022-03-21,14.586995,121.002785,34.6,25.4,0.2,22.47
2022-03-22,14.586995,121.002785,34.9,25.9,0.0,22.83
2022-03-23,14.586995,121.002785,34.3,25.2,1.6,23.87
2022-03-24,14.586995,121.002785,35.1,25.4,0.2,23.12
2022-03-25,14.586995,121.002785,35.1,25.5,0.0,23.58
2022-03-26,14.586995,121.002785,34.3,26.4,1.2,22.1
2022-03-27,14.586995,121.002785,35.4,26.3,0.4,23.75
2022-03-28,14.586995,121.002785,35.3,25.3,0.5,23.53
2022-03-29,14.586995,121.002785,33.3,26.0,0.3,22.98
2022-03-30,14.586995,121.002785,34.5,26.1,0.2,22.98
2022-03-31,14.586995,121.002785,35.0,25.6,0.0,23.3
2022-04-01,14.586995,121.002785,34.2,25.9,1.0,20.41
2022-04-02,14.586995,121.002785,34.1,24.9,1.7,23.5
2022-04-03,14.586995,121.002785,34.5,23.3,0.0,23.71
2022-04-04,14.586995,121.002785,32.7,24.8,3.7,21.87
2022-04-05,14.586995,121.002785,30.5,25.2,2.0,11.67
2022-04-06,14.586995,121.002785,31.6,24.3,2.3,21.12
2022-04-07,14.586995,121.002785,32.9,25.2,2.4,19.97
2022-04-08,14.586995,121.002785,30.4,25.1,21.0,16.7
2022-04-09,14.586995,121.002785,32.1,25.4,1.8,23.19
2022-04-10,14.586995,121.002785,29.9,25.3,1.6,16.04
2022-04-11,14.586995,121.002785,31.4,25.3,0.2,12.83
2022-04-12,14.586995,121.002785,30.0,24.9,5.9,14.03
2022-04-13,14.586995,121.002785,30.8,24.4,4.0,17.71
2022-04-14,14.586995,121.002785,31.7,24.9,3.6,25.65
2022-04-15,14.586995,121.002785,32.4,24.3,0.8,25.07
2022-04-16,14.586995,121.002785,31.7,24.8,3.9,21.07
2022-04-17,14.586995,121.002785,28.4,24.8,12.8,9.28
2022-04-18,14.586995,121.002785,32.6,24.8,2.8,23.88
2022-04-19,14.586995,121.002785,32.2,23.8,1.4,23.56
2022-04-20,14.586995,121.002785,32.3,24.5,6.9,22.62
2022-04-21,14.586995,121.002785,32.7,24.6,1.6,24.05
2022-04-22,14.586995,121.002785,33.4,25.8,0.7,22.27
2022-04-23,14.586995,121.002785,34.1,24.9,0.0,24.97
2022-04-24,14.586995,121.002785,33.7,25.7,1.2,24.22
2022-04-25,14.586995,121.002785,33.4,26.2,1.0,19.93
2022-04-26,14.586995,121.002785,33.2,26.5,0.7,21.12
2022-04-27,14.586995,121.002785,34.3,25.8,3.3,21.41
2022-04-28,14.586995,121.002785,34.5,25.5,1.6,24.79
2022-04-29,14.586995,121.002785,34.3,26.4,3.8,20.38
2022-04-30,14.586995,121.002785,34.0,24.5,4.4,24.03
2022-05-01,14.586995,121.002785,34.5,25.9,0.0,25.13
2022-05-02,14.586995,121.002785,33.9,25.1,1.3,24.11
2022-05-03,14.586995,121.002785,34.8,25.5,0.5,24.87
2022-05-04,14.586995,121.002785,34.7,25.5,1.4,24.95
2022-05-05,14.586995,121.002785,35.8,25.1,0.2,25.31
2022-05-06,14.586995,121.002785,35.6,25.8,0.0,24.22
2022-05-07,14.586995,121.002785,35.9,26.7,1.3,24.11
2022-05-08,14.586995,121.002785,36.9,26.9,0.0,24.75
2022-05-09,14.586995,121.002785,36.1,26.7,0.8,24.84
2022-05-10,14.586995,121.002785,35.5,26.6,1.5,24.7
2022-05-11,14.586995,121.002785,35.4,26.9,0.7,24.86
2022-05-12,14.586995,121.002785,35.7,26.9,2.2,24.58
2022-05-13,14.586995,121.002785,34.8,27.1,9.2,24.33
2022-05-14,14.586995,121.002785,33.9,26.4,2.4,24.92
2022-05-15,14.586995,121.002785,33.6,25.7,5.5,19.42
2022-05-16,14.586995,121.002785,32.1,25.7,19.9,18.01
2022-05-17,14.586995,121.002785,31.1,25.5,12.3,15.01
2022-05-18,14.586995,121.002785,29.6,25.4,16.7,15.2
2022-05-19,14.586995,121.002785,30.6,24.8,12.6,15.1
2022-05-20,14.586995,121.002785,29.9,24.9,16.9,12.99
2022-05-21,14.586995,121.002785,30.3,25.0,1.0,20.09
2022-05-22,14.586995,121.002785,30.0,25.3,14.6,12.86
2022-05-23,14.586995,121.002785,31.3,25.5,7.3,20.92
2022-05-24,14.586995,121.002785,32.2,25.3,0.6,24.14
2022-05-25,14.586995,121.002785,32.2,26.5,3.5,24.04
2022-05-26,14.586995,121.002785,31.7,24.9,9.4,24.09
2022-05-27,14.586995,121.002785,32.8,25.4,4.2,24.37
2022-05-28,14.586995,121.002785,28.3,24.7,30.8,10.35
2022-05-29,14.586995,121.002785,31.2,25.0,0.3,25.1
2022-05-30,14.586995,121.002785,32.5,25.7,8.1,25.15
2022-05-31,14.586995,121.002785,30.4,24.2,9.2,17.25
2022-06-01,14.586995,121.002785,29.7,26.0,3.4,12.13
2022-06-02,14.586995,121.002785,30.9,25.2,4.3,23.59
2022-06-03,14.586995,121.002785,31.8,25.5,1.3,25.44
2022-06-04,14.586995,121.002785,32.3,25.2,0.7,25.73
2022-06-05,14.586995,121.002785,32.7,25.1,0.1,25.64
2022-06-06,14.586995,121.002785,32.4,26.2,1.2,24.04
2022-06-07,14.586995,121.002785,31.4,26.1,19.6,23.18
2022-06-08,14.586995,121.002785,31.9,24.1,19.9,24.34
2022-06-09,14.586995,121.002785,32.8,25.4,1.3,23.39
2022-06-10,14.586995,121.002785,32.9,25.5,2.1,24.8
2022-06-11,14.586995,121.002785,32.4,25.9,2.5,23.59
2022-06-12,14.586995,121.002785,31.2,25.8,10.9,18.43
2022-06-13,14.586995,121.002785,32.4,25.1,17.7,23.6
2022-06-14,14.586995,121.002785,33.5,26.1,9.2,22.64
2022-06-15,14.586995,121.002785,32.9,25.4,4.1,22.16
2022-06-16,14.586995,121.002785,32.3,25.8,2.2,19.26
2022-06-17,14.586995,121.002785,32.9,26.2,0.8,23.82
2022-06-18,14.586995,121.002785,32.2,26.2,3.4,19.95
2022-06-19,14.586995,121.002785,33.1,25.3,8.8,23.81
2022-06-20,14.586995,121.002785,32.8,24.7,6.7,20.65
2022-06-21,14.586995,121.002785,32.4,24.8,1.5,22.28
2022-06-22,14.586995,121.002785,31.6,23.9,19.7,18.57
2022-06-23,14.586995,121.002785,31.2,25.0,2.1,18.26
2022-06-24,14.586995,121.002785,31.3,25.7,2.9,19.09
2022-06-25,14.586995,121.002785,30.8,25.5,2.7,19.41
2022-06-26,14.586995,121.002785,29.9,25.9,6.4,17.14
2022-06-27,14.586995,121.002785,28.7,25.5,39.4,10.4
2022-06-28,14.586995,121.002785,29.3,25.3,29.2,13.11
2022-06-29,14.586995,121.002785,29.7,25.2,8.6,15.25
2022-06-30,14.586995,121.002785,30.5,25.9,26.1,15.66
