province,yield,area,fertilizer_elements,fertilizer_grades,climate,absent_from
Abra,True,True,True,True,True,
Agusan del Norte,True,True,True,True,True,
Agusan del Sur,True,True,True,True,True,
Aklan,True,True,True,True,True,
Albay,True,True,True,True,True,
Antique,True,True,True,True,True,
Apayao,True,True,True,True,True,
Aurora,True,True,True,True,True,
Basilan,True,True,False,False,True,"fertilizer_elements, fertilizer_grades"
Bataan,True,True,True,True,True,
Batanes,True,True,False,False,True,"fertilizer_elements, fertilizer_grades"
Batangas,True,True,True,True,True,
Benguet,True,True,True,True,True,
Biliran,True,True,True,True,True,
Bohol,True,True,True,True,True,
Bukidnon,True,True,True,True,True,
Bulacan,True,True,True,True,True,
Cagayan,True,True,True,True,True,
Camarines Norte,True,True,True,True,True,
Camarines Sur,True,True,True,True,True,
Camiguin,True,True,True,True,True,
Capiz,True,True,True,True,True,
Catanduanes,True,True,True,True,True,
Cavite,True,True,True,True,True,
Cebu,True,True,True,True,True,
Davao Occidental,True,True,True,True,True,
Davao Oriental,True,True,True,True,True,
Davao de Oro,True,True,True,True,True,
Davao del Norte,True,True,True,True,True,
Davao del Sur,True,True,True,True,True,
Dinagat Islands,True,True,True,True,True,
Eastern Samar,True,True,True,True,True,
Guimaras,True,True,True,True,True,
Ifugao,True,True,True,True,True,
Ilocos Norte,True,True,True,True,True,
Ilocos Sur,True,True,True,True,True,
Iloilo,True,True,True,True,True,
Isabela,True,True,True,True,True,
Kalinga,True,True,True,True,True,
La Union,True,True,True,True,True,
Laguna,True,True,True,True,True,
Lanao del Norte,True,True,True,True,True,
Lanao del Sur,True,True,True,True,True,
Leyte,True,True,True,True,True,
Maguindanao,True,False,True,True,False,"area, climate"
Maguindanao del Norte,False,False,False,False,True,"yield, area, fertilizer_elements, fertilizer_grades"
Maguindanao del Sur,False,False,False,False,True,"yield, area, fertilizer_elements, fertilizer_grades"
Marinduque,True,True,True,True,True,
Masbate,True,True,True,True,True,
Misamis Occidental,True,True,True,True,True,
Misamis Oriental,True,True,True,True,True,
Mountain Province,True,True,True,True,True,
Negros Occidental,True,True,True,True,True,
Negros Oriental,True,True,True,True,True,
North Cotabato,True,True,True,True,True,
Northern Samar,True,True,True,True,True,
Nueva Ecija,True,True,True,True,True,
Nueva Vizcaya,True,True,True,True,True,
Occidental Mindoro,True,True,True,True,True,
Oriental Mindoro,True,True,True,True,True,
Palawan,True,True,True,True,True,
Pampanga,True,True,True,True,True,
Pangasinan,True,True,True,True,True,
Quezon,True,True,True,True,True,
Quirino,True,True,True,True,True,
Rizal,True,True,True,True,True,
Romblon,True,True,True,True,True,
Sarangani,True,True,True,True,True,
Siquijor,True,True,True,True,True,
Sorsogon,True,True,True,True,True,
South Cotabato,True,True,True,True,True,
Southern Leyte,True,True,True,True,True,
Sultan Kudarat,True,True,True,True,True,
Sulu,True,True,False,False,True,"fertilizer_elements, fertilizer_grades"
Surigao del Norte,True,True,True,True,True,
Surigao del Sur,True,True,True,True,True,
Tarlac,True,True,True,True,True,
Tawi-Tawi,True,True,False,False,True,"fertilizer_elements, fertilizer_grades"
Western Samar,True,True,True,True,True,
Zambales,True,True,True,True,True,
Zamboanga Sibugay,True,True,True,True,True,
Zamboanga del Norte,True,True,True,True,True,
Zamboanga del Sur,True,True,True,True,True,
